t_arr,pick,drop
51.0,0,3
65.05,1,0
121.51,4,0
166.15,0,1
171.07,1,5
217.13,4,1
280.08,5,4
307.27,3,5
323.57,0,2
383.46,2,3
391.91,2,0
396.78,0,3
490.8,4,2
573.09,5,3
611.51,3,0
651.66,5,4
760.0,2,5
770.68,0,1
824.8,2,0
921.46,0,4
937.75,5,2
946.62,2,1
1002.08,5,0
1049.05,1,5
1114.36,1,4
1138.22,5,4
1150.61,2,0
1163.62,0,3
1189.26,0,2
1311.43,4,2
1323.38,3,4
1431.39,5,3
1439.09,1,2
1507.42,4,2
1576.14,3,5
1601.63,1,2
1637.25,0,1
1735.95,1,2
1814.48,3,5
1817.76,3,5
2095.37,4,2
2272.53,0,1
2329.77,4,2
2402.95,2,0
2420.32,1,4
2420.49,5,2
2599.07,1,5
2720.94,5,2
2813.1,4,5
2824.19,2,1
2862.95,4,0
2908.63,3,0
2914.56,2,3
2928.25,1,5
3075.07,0,4
3159.72,4,1
3166.59,3,5
3175.61,4,5
3203.12,1,5
3273.5,5,1
3335.9,3,2
3364.73,4,3
3371.18,1,0
3391.81,4,5
3404.88,1,0
3408.56,5,0
3421.56,0,3
3425.24,1,3
3480.52,1,5
3487.61,4,5
3519.61,3,4
3530.17,0,4
3552.04,3,4
3651.74,0,1
3654.86,5,2
3735.48,0,2
3746.12,4,3
3753.67,1,3
3784.72,0,4
3867.24,4,0
3869.84,4,0
4043.52,1,2
4069.6,3,1
4169.59,0,2
4193.41,3,2
4323.95,3,2
4351.44,5,4
4405.66,3,1
4416.19,1,0
4459.47,4,0
4528.38,0,1
4572.25,4,5
4580.82,4,0
4676.12,0,5
4679.64,1,4
4686.03,4,1
4729.28,0,5
4733.55,5,4
4775.2,2,3
4786.62,5,2
4800.26,3,1
4855.95,2,4
4874.95,0,1
4905.6,4,0
4909.41,1,5
4924.81,2,0
5030.52,2,3
5039.11,4,2
5086.4,5,4
5086.8,4,2
5221.03,0,2
5236.39,0,5
5244.83,2,5
5256.66,2,1
5314.82,2,5
5348.34,0,1
5398.64,2,0
5398.81,1,3
5407.63,3,5
5468.78,4,0
5474.71,5,1
5514.15,2,5
5554.35,3,1
5556.49,2,0
5671.09,1,2
5726.06,2,5
5833.82,3,5
5903.03,1,2
6089.95,1,4
6091.2,5,2
6167.46,3,1
6182.97,5,0
6207.08,0,4
6219.66,3,2
6237.87,1,2
6239.06,1,4
6258.96,0,3
6280.58,4,3
6337.48,4,2
6477.52,0,3
6487.36,2,0
6493.09,3,2
6558.29,2,4
6604.89,4,0
6629.21,4,1
6643.91,5,3
6643.99,4,1
6666.64,0,3
6715.44,5,0
6779.04,2,5
6797.54,3,2
6823.28,2,5
6830.09,3,4
6886.64,1,5
6928.74,3,5
7018.45,2,3
7030.24,4,5
7083.41,3,4
7112.59,1,5
7144.64,5,1
7198.41,2,5
7252.92,4,2
7257.82,1,3
7270.55,1,2
7271.78,1,4
7319.03,0,4
7345.79,5,4
7356.6,5,3
7390.69,1,2
7444.06,0,1
7519.41,1,2
7600.92,5,4
7632.15,4,1
7756.88,0,4
7764.03,3,5
7984.73,4,2
8134.56,3,5
8218.93,4,3
8307.69,4,3
8421.45,5,3
8451.35,1,3
8523.93,4,3
8573.2,2,4
8577.23,2,1
8593.09,2,5
8597.29,1,2
8621.44,1,2
8624.75,3,2
8663.87,3,0
8675.45,3,4
8793.06,4,0
8890.21,4,3
8922.62,2,3
8992.63,3,5
9061.45,4,5
9175.5,3,1
9191.44,3,0
9216.06,5,3
9280.46,3,1
9477.9,4,0
9596.62,4,5
9651.0,0,4
9658.29,3,1
9660.87,3,2
9672.77,2,3
9744.38,3,2
9814.1,3,2
9904.16,3,0
9973.28,0,3
9985.97,0,1
10056.14,1,2
10147.53,4,1
10161.16,3,0
10202.66,1,4
10262.77,2,1
10309.33,5,0
10384.53,1,3
10390.25,0,3
10433.13,3,4
10575.04,1,0
10619.88,5,1
10625.25,2,5
10707.13,4,0
10728.45,3,2
10732.02,5,2
10732.66,3,4
10738.24,2,4
10799.67,3,1
10865.84,5,2
10913.69,4,3
10944.95,5,4
10960.57,1,0
10976.93,3,1
11046.34,4,5
11101.49,2,0
11135.59,2,1
11169.01,2,3
11189.81,4,2
11230.39,4,1
11234.86,5,3
11268.39,1,4
11320.3,3,4
11399.04,0,3
11411.56,5,1
11429.84,4,2
11461.89,4,2
11489.61,5,4
11509.69,5,3
11525.49,2,1
11531.92,1,3
11538.28,4,1
11548.91,5,3
11565.1,4,5
11610.51,0,2
11628.08,2,1
11646.07,5,4
11652.84,0,1
11693.14,5,1
11743.93,3,0
11847.0,4,2
11878.68,3,2
11888.87,0,3
12030.44,3,0
12116.77,3,4
12120.62,5,0
12128.85,4,2
12133.3,1,0
12174.13,3,5
12219.46,4,1
12294.2,3,4
12413.77,2,5
12644.19,2,5
12692.7,4,0
12840.13,1,2
12855.5,0,2
12869.22,4,0
12877.73,3,4
12936.19,3,2
12937.84,2,3
12998.54,3,0
13056.68,2,5
13110.8,1,4
13116.89,1,2
13236.42,1,0
13239.49,2,5
13308.6,4,2
13337.51,3,2
13397.67,2,5
13436.49,3,0
13482.06,3,2
13528.34,0,1
13541.34,5,4
13585.57,0,3
13628.5,1,4
13665.09,3,2
13675.1,4,3
13725.47,3,0
13757.21,3,2
13776.57,0,2
13796.58,5,3
13813.58,3,5
13815.45,0,3
13830.0,0,4
13930.09,0,5
13961.08,0,2
13997.62,4,3
14046.71,0,2
14062.25,1,3
14091.07,5,3
14097.54,5,4
14177.84,5,1
14196.45,0,5
14222.66,1,0
14253.61,0,2
14288.1,5,2
14323.65,2,4
14413.66,3,1
14444.17,1,4
14454.75,4,5
14523.32,1,0
14539.49,3,2
14675.58,4,2
14761.48,2,3
14852.32,4,3
14952.54,3,5
14985.66,2,5
15057.62,3,4
15192.66,1,2
15235.07,1,4
15237.3,5,3
15298.38,3,4
15521.28,5,1
15555.47,0,2
15590.35,4,2
15692.25,3,0
15729.57,3,0
15793.66,3,1
15797.55,2,3
15846.36,3,0
15941.81,5,4
15965.71,2,4
16068.64,0,5
16072.19,5,2
16370.3,5,0
16398.76,0,1
16428.08,5,2
16544.95,0,3
16624.47,2,3
16647.95,1,2
16685.83,4,1
16695.14,0,5
16797.48,4,1
16831.9,4,1
16845.11,5,2
16875.88,5,0
16990.47,3,2
17047.07,1,0
17076.22,2,5
17093.99,3,2
17124.51,2,1
17493.28,3,0
17506.82,4,2
17549.58,5,2
17550.69,5,3
17566.73,4,0
17687.47,5,3
17776.91,2,1
17823.62,2,1
17874.23,4,2
17930.86,5,1
17980.33,5,0
17998.81,3,0
18042.13,5,1
18046.86,2,3
18115.67,1,2
18122.76,4,2
18160.6,2,1
18175.45,3,2
18244.08,2,0
18275.67,0,2
18345.82,1,4
18516.79,4,2
18521.52,3,0
18536.88,0,4
18559.87,5,2
18603.79,5,2
18609.53,1,4
18610.79,4,2
18734.2,1,0
18784.65,3,2
18837.03,0,2
18839.35,0,3
19114.52,0,1
19127.91,4,1
19152.51,2,5
19179.67,5,1
19287.99,5,0
19377.69,4,3
19517.58,2,0
19576.18,1,4
19605.59,1,3
19610.82,5,2
19650.14,5,2
19653.26,2,1
19825.69,3,0
19880.04,5,4
20057.22,0,3
20071.18,1,5
20082.66,4,1
20126.8,1,3
20201.24,4,0
20217.48,1,2
20256.33,1,0
20310.43,0,2
20311.18,1,5
20330.74,1,3
20333.43,5,3
20370.76,5,0
20403.1,2,5
20448.13,3,5
20460.65,4,0
20525.61,5,4
20543.56,5,0
20546.7,3,4
20574.48,0,4
20636.79,3,0
20751.55,2,5
20759.58,1,3
20808.53,4,5
20870.8,3,5
20908.61,3,5
20955.1,0,1
21050.9,5,4
21114.7,1,4
21144.73,1,4
21165.43,3,4
21192.32,0,3
21220.14,5,2
21243.59,1,4
21247.06,0,1
21275.33,5,2
21358.84,4,0
21402.99,4,5
21422.98,0,4
21444.8,5,3
21546.08,5,0
21718.81,4,2
21740.48,4,5
21752.44,5,3
21765.13,0,3
21858.47,2,0
21930.37,4,1
22012.68,4,5
22060.22,5,4
22061.55,5,2
22063.02,2,3
22190.28,2,0
22200.29,1,5
22253.84,0,2
22321.38,0,1
22389.92,1,4
22417.14,2,1
22440.25,5,2
22515.24,4,5
22519.68,0,2
22528.25,4,0
22584.28,2,4
22638.51,3,5
22667.68,2,1
22738.0,0,3
22766.1,2,5
22799.43,5,2
22801.76,3,5
22804.57,1,3
22949.89,1,3
22966.98,0,1
23001.37,3,1
23008.29,4,1
23042.97,5,2
23046.71,5,0
23075.37,3,0
23174.43,4,3
23217.03,5,3
23234.12,3,0
23403.48,1,5
23434.3,5,2
23438.91,0,2
23467.52,3,5
23471.62,2,3
23484.14,1,0
23519.86,0,5
23555.52,2,3
23620.5,5,1
23633.98,1,3
23644.97,4,1
23716.37,5,0
23726.12,5,3
23757.29,4,5
23787.09,4,5
23806.61,5,2
23814.79,0,4
23843.98,2,3
23888.73,2,5
23892.58,3,4
23894.5,2,3
23898.49,0,5
23943.57,3,4
23986.99,5,0
24016.85,4,1
24036.25,3,5
24044.43,0,4
24049.89,2,0
24085.0,1,0
24099.24,3,4
24136.36,4,1
24158.98,2,4
24185.26,2,5
24187.95,5,2
24191.36,0,5
24248.08,2,3
24312.4,5,4
24415.68,2,0
24459.39,1,3
24477.96,5,3
24484.86,5,0
24503.38,3,2
24587.26,5,4
24592.17,5,3
24627.68,0,3
24646.15,1,3
24793.66,3,1
24806.51,1,2
24810.52,0,5
24884.2,5,4
24886.12,2,5
24893.14,3,1
24901.99,5,4
24984.78,1,4
24987.01,2,1
25161.66,4,2
25231.46,3,1
25269.64,2,4
25386.79,1,3
25443.5,4,3
25474.47,2,4
25509.41,3,1
25594.3,4,1
25697.48,0,4
25801.1,4,0
25863.23,4,0
25880.01,1,3
25909.84,4,1
25998.75,0,2
26083.58,2,0
26110.38,3,5
26133.8,3,0
26157.29,0,3
26290.85,5,2
26369.21,1,0
26386.11,3,1
26457.23,3,4
26505.0,0,1
26519.78,1,5
26660.64,4,5
26688.16,2,1
26706.07,0,2
26733.29,4,3
26736.54,3,5
26774.94,5,4
26817.73,5,1
26834.94,0,5
26856.7,4,3
26867.07,5,0
26904.13,2,0
27057.44,4,5
27134.63,4,5
27135.65,3,0
27186.14,2,3
27254.92,2,0
27276.06,5,0
27349.87,5,2
27357.03,2,5
27377.7,5,1
27466.41,5,3
27664.1,3,1
27747.53,0,4
27749.42,1,0
27827.71,0,3
27963.14,4,3
28189.2,4,3
28203.8,5,1
28220.66,0,3
28236.61,2,4
28346.74,5,3
28459.26,3,2
28641.21,3,4
28664.11,4,2
28744.87,5,3
28748.98,4,1
28788.4,2,0
28792.57,5,2
28810.87,4,3
28819.99,3,2
28849.62,5,2
28897.33,3,2
28948.34,0,1
29003.95,3,2
29039.93,5,1
29192.59,1,5
29249.26,3,0
29256.01,1,3
29278.49,4,0
29324.95,5,3
29473.57,2,4
29545.57,4,1
29583.27,3,2
29635.7,1,0
29637.01,1,4
29673.47,4,0
29688.65,2,4
29700.72,4,2
29759.93,3,1
29766.47,0,4
29775.95,5,3
30070.98,5,2
30126.09,5,0
30166.01,2,3
30261.33,5,1
30340.25,4,1
30346.72,1,2
30360.22,3,0
30382.61,4,2
30414.11,4,1
30461.44,0,1
30479.94,5,3
30517.24,3,5
30521.07,2,0
30550.96,5,4
30572.07,4,5
30582.12,1,4
30617.06,0,1
30653.56,2,1
30662.4,5,1
30683.63,4,2
30777.15,2,1
30827.55,4,2
30834.24,2,5
30872.36,4,1
30917.16,4,1
30926.55,4,5
30947.15,4,0
31034.36,0,1
31036.69,5,4
31052.06,1,5
31079.0,5,0
31113.46,5,4
31130.56,2,4
31144.61,5,3
31162.26,0,1
31170.86,3,4
31202.09,2,5
31209.84,5,2
31276.09,2,4
31283.1,2,5
31324.33,2,1
31355.75,2,4
31369.99,0,1
31387.13,3,5
31414.21,1,3
31549.92,5,2
31560.45,1,4
31836.14,3,4
31941.77,3,0
31946.49,3,5
31977.04,1,2
32020.82,0,1
32037.34,4,3
32054.16,0,1
32082.35,2,3
32154.52,2,0
32180.11,4,5
32190.93,4,2
32194.75,4,3
32267.03,2,5
32324.07,0,2
32508.68,3,2
32587.89,2,5
32727.69,1,2
32773.81,3,5
32775.87,0,2
32838.38,3,5
32868.92,4,5
32876.44,4,2
32885.31,4,2
32930.35,4,5
32968.35,5,4
32986.17,0,3
33006.28,0,4
33050.1,5,0
33095.53,2,5
33138.63,5,0
33182.42,1,5
33232.0,4,3
33240.0,5,1
33241.6,5,0
33252.19,3,2
33279.32,3,1
33305.73,4,3
33408.84,5,0
33470.01,4,1
33511.16,5,3
33548.43,2,1
33579.21,4,2
33618.72,5,2
33665.81,1,2
33682.17,2,1
33824.09,2,3
33885.11,5,3
33904.18,2,5
34039.86,5,2
34056.83,4,5
34080.71,3,2
34235.33,1,3
34237.48,5,0
34258.74,3,2
34327.52,1,2
34415.52,2,5
34475.09,1,0
34522.9,4,1
34536.78,5,4
34549.57,1,0
34554.85,2,4
34560.15,1,0
34727.09,1,4
34779.99,3,4
34832.56,2,3
34849.36,0,1
34902.18,1,5
34969.28,0,2
34996.34,1,0
35289.74,3,4
35300.05,5,2
35404.73,0,3
35446.69,0,3
35463.43,5,4
35500.58,1,5
35532.14,1,0
35552.22,5,3
35604.46,5,1
35605.17,2,3
35647.11,1,2
35694.32,5,3
35782.04,4,2
35786.57,5,0
35796.79,1,4
35816.34,1,0
35831.44,1,4
35901.52,2,3
35945.19,4,0
35960.35,2,1
35963.55,0,4
35981.87,3,5
36110.14,5,2
36168.75,5,2
36191.65,1,2
36349.4,3,1
36379.75,4,2
36406.63,4,3
36477.44,5,1
36549.18,5,4
36652.41,0,5
36682.01,5,2
36686.08,4,0
36689.26,4,5
36700.55,4,1
36709.54,4,3
36715.72,1,5
36749.27,4,3
36831.97,3,1
36867.97,3,5
36870.94,3,2
36935.18,3,2
37019.94,5,1
37063.12,0,4
37084.24,0,5
37341.08,0,4
37342.69,3,1
37415.95,5,3
37439.41,3,4
37541.27,3,4
37545.46,5,4
37552.59,2,0
37562.42,4,3
37600.05,5,1
37690.09,0,3
37721.17,5,4
37748.77,3,1
37762.99,2,1
37779.11,5,0
37780.75,5,3
37828.46,0,2
37840.0,0,5
37841.71,4,0
37855.74,0,4
37884.64,4,1
37954.84,0,2
37989.89,2,1
38074.47,5,4
38093.68,4,2
38107.19,1,5
38119.68,2,3
38122.83,4,1
38172.0,3,5
38206.22,2,4
38283.27,2,4
38309.5,2,4
38319.66,4,3
38333.45,1,3
38430.88,1,4
38553.99,4,3
38725.75,4,5
38732.95,1,3
38744.32,5,0
38872.02,2,0
38910.37,1,0
38926.0,5,4
38972.18,0,2
39053.83,4,5
39066.06,1,3
39084.12,0,2
39222.48,5,0
39291.18,3,1
39350.65,5,1
39375.91,1,5
39395.32,2,4
39426.71,5,2
39445.15,2,5
39552.34,3,0
39633.53,5,3
39705.22,2,1
39728.38,3,0
39769.72,1,2
39770.53,4,5
39813.81,3,2
39822.08,2,1
39845.96,1,4
39885.96,5,2
39900.84,3,4
39931.72,5,2
39940.99,5,4
39974.5,4,0
40011.61,0,1
40083.88,3,1
40176.31,1,0
40237.71,0,2
40272.95,2,0
40321.04,5,4
40442.99,5,3
40443.79,4,5
40470.28,0,5
40534.32,4,2
40535.19,5,3
40617.23,1,0
40742.31,4,1
40756.09,4,5
40770.64,2,3
40849.86,0,3
41009.93,3,5
41023.87,5,1
41041.7,0,1
41046.61,3,4
41086.83,0,1
41147.51,0,4
41240.83,5,2
41282.55,0,5
41408.31,1,2
41524.08,5,4
41556.35,0,1
41614.01,2,5
41655.46,0,2
41787.55,2,0
41950.37,4,1
42020.14,5,3
42152.3,2,1
42193.8,4,3
42250.31,4,2
42274.53,5,1
42352.68,5,0
42387.41,2,0
42392.55,1,0
42413.37,4,5
42438.64,2,0
42488.91,3,4
42501.86,4,3
42530.13,5,4
42584.17,0,5
42601.67,1,0
42605.95,1,4
42668.14,5,1
42735.43,2,3
42741.06,0,3
42770.47,2,0
42777.58,1,4
42807.37,4,5
42833.58,0,1
42855.43,0,5
42901.0,2,4
42901.62,3,4
42977.14,5,4
43094.94,1,5
43131.75,5,3
43141.04,2,3
43156.66,1,0
43165.81,2,4
43183.63,0,3
43198.13,1,4
43243.17,1,4
43248.83,2,0
43397.45,2,5
43421.35,2,4
43441.73,5,4
43449.04,2,5
43596.18,1,4
43615.04,3,2
43632.26,5,3
43803.99,1,3
43827.58,3,2
43833.63,4,1
43878.48,4,1
43935.72,4,0
44088.6,3,1
44117.46,2,0
44202.91,3,4
44210.4,2,1
44224.97,1,4
44302.78,0,4
44536.67,3,5
44562.28,4,3
44601.5,2,5
44646.55,0,1
44719.81,5,2
44728.9,4,0
44770.32,5,3
44940.6,2,4
44946.2,0,3
44958.75,5,4
44999.57,5,4
45012.06,2,4
45043.15,5,4
45101.78,1,3
45405.58,3,0
45423.09,0,1
45512.08,5,1
45533.49,2,4
45610.18,4,3
45631.58,0,4
45695.59,3,2
45699.07,0,1
45700.21,2,0
45756.74,1,2
45793.02,4,1
45813.12,3,4
45826.31,3,1
45836.62,5,3
45861.79,5,4
45969.11,3,5
45997.18,0,2
46008.7,5,0
46051.76,4,1
46074.53,1,4
46080.58,5,3
46118.09,5,2
46163.53,4,3
46207.74,2,3
46301.13,4,1
46385.16,5,2
46510.63,4,0
46566.38,2,0
46580.01,0,2
46603.37,1,5
46627.96,4,1
46670.72,3,1
46704.06,4,1
46744.54,3,2
46752.1,2,4
46800.4,2,0
46833.54,1,4
46999.51,4,3
47025.82,3,4
47087.74,3,4
47096.89,4,0
47176.34,1,3
47178.01,1,5
47195.04,3,5
47262.88,3,5
47298.63,4,0
47314.22,4,2
47353.27,0,4
47392.79,3,0
47459.38,5,1
47477.05,0,4
47492.29,0,4
47592.53,0,2
47604.3,5,4
47662.72,5,4
47712.81,1,5
47720.31,1,2
47802.16,4,2
47840.15,4,5
47849.37,5,2
47866.45,2,5
48078.09,5,0
48085.38,3,0
48329.93,5,1
48390.36,1,2
48398.27,2,1
48469.93,5,3
48503.55,4,2
48552.96,3,4
48556.89,0,4
48593.13,2,3
48623.46,3,2
48667.06,5,0
48732.7,3,2
48827.59,4,3
48839.88,3,1
48874.01,2,3
48894.62,4,1
48936.37,3,2
49048.66,0,1
49053.9,3,0
49060.53,1,4
49091.02,3,1
49363.41,1,3
49372.07,2,0
49425.22,2,0
49448.47,5,1
49451.13,5,2
49515.85,1,4
49569.14,5,0
49569.19,3,0
49576.31,1,5
49633.28,0,1
49692.75,0,4
49751.96,3,0
49764.96,0,1
49770.41,2,3
49777.78,1,2
49781.32,4,0
49828.45,1,4
49850.08,1,2
49976.3,4,3
50074.59,0,1
50082.13,0,5
50147.6,2,4
50166.48,1,2
50182.7,0,2
50223.0,4,5
50239.77,5,0
50333.93,5,2
50345.42,4,5
50355.88,3,2
50407.82,1,4
50432.2,1,4
50483.02,0,5
50592.81,0,3
50728.65,1,4
50827.25,4,3
50849.99,5,1
50921.92,0,1
50966.18,0,3
50978.33,0,4
51013.65,5,4
51086.51,3,4
51090.81,4,5
51138.67,2,0
51157.22,4,1
51340.31,1,5
51360.09,4,0
51378.66,3,1
51381.64,0,4
51387.8,4,5
51390.63,5,1
51396.99,5,1
51457.44,1,4
51610.34,4,5
51686.73,5,2
51695.86,1,3
51761.88,0,1
51782.28,3,2
51819.38,2,5
51868.76,3,4
51904.51,0,4
52002.58,1,3
52011.14,0,5
52067.2,0,2
52134.71,0,1
52232.55,0,2
52234.9,2,4
52361.33,1,0
52401.57,5,3
52414.29,1,4
52538.05,2,3
52625.48,4,2
52631.84,5,0
52641.72,4,0
52795.76,0,4
52896.27,2,3
52900.79,3,0
52923.8,2,5
53000.55,5,4
53014.44,2,5
53192.96,1,5
53264.42,1,2
53264.74,3,0
53278.0,2,0
53428.79,0,4
53523.31,5,2
53528.8,4,1
53556.02,0,2
53618.2,0,1
53745.29,4,3
53805.63,2,4
53989.19,0,5
53994.22,1,4
53998.1,4,0
54026.65,1,2
54043.89,2,4
54104.21,5,2
54123.35,2,1
54127.23,1,2
54202.93,4,0
54211.37,1,4
54242.74,3,0
54281.13,1,4
54299.56,2,0
54304.3,5,2
54391.84,5,4
54393.9,2,1
54398.69,1,3
54423.91,0,3
54438.98,1,0
54590.91,3,5
54659.84,1,0
54690.84,1,0
54691.44,1,2
54702.48,3,2
54760.45,5,0
54804.1,2,0
54805.2,0,2
54921.59,3,1
54926.42,2,0
54928.6,3,0
54937.8,4,3
55024.01,3,4
55025.5,5,3
55034.99,1,2
55051.07,3,1
55052.83,4,5
55066.93,2,4
55093.48,4,3
55096.63,2,4
55104.01,1,5
55118.34,4,0
55345.7,5,2
55378.37,3,2
55500.27,4,2
55524.85,1,0
55544.06,1,0
55657.11,2,0
55739.79,3,5
55761.91,4,1
55944.35,0,2
55997.83,2,5
56082.55,5,0
56154.76,1,5
56248.46,3,2
56385.29,1,2
56398.79,2,3
56521.45,0,3
56668.85,4,1
56710.25,1,4
56749.31,1,4
56751.24,0,2
56797.27,0,5
56829.77,2,5
56841.02,1,3
56904.12,2,0
56905.23,4,1
56979.67,4,2
57141.32,2,4
57185.42,2,3
57204.89,1,4
57283.37,3,2
57292.94,4,5
57370.26,1,5
57454.48,3,2
57520.69,2,1
57530.47,0,5
57555.32,4,0
57565.37,2,5
57577.85,4,0
57715.84,1,3
57784.23,1,3
57986.16,1,0
58072.37,5,2
58101.95,2,1
58116.31,0,3
58131.14,0,1
58133.6,3,4
58307.46,3,4
58414.21,2,5
58437.74,3,5
58490.37,5,1
58499.25,0,1
58516.72,2,3
58668.19,0,3
58677.52,3,1
58743.35,4,0
58763.97,4,3
58824.93,3,1
58871.67,3,1
58874.42,2,1
59057.67,3,5
59121.69,5,4
59137.1,2,3
59150.66,0,4
59193.07,3,1
59195.87,0,4
59200.45,5,4
59233.18,0,1
59244.77,5,2
59433.51,3,0
59451.95,3,4
59485.53,5,2
59490.3,4,3
59500.52,3,2
59510.85,0,3
59539.82,2,1
59630.54,4,0
59638.74,5,0
59643.22,2,5
59669.94,4,1
59710.26,3,5
59737.38,4,3
59779.9,1,4
59797.65,3,0
59832.52,4,5
59889.1,4,1
59895.51,3,1
60044.37,1,2
60127.0,1,0
60154.53,5,3
60165.81,5,1
60255.63,2,3
60376.47,0,1
60401.03,3,5
60420.77,2,5
60451.41,0,5
60495.69,3,0
60522.45,1,5
60566.78,0,1
60608.14,0,3
60709.19,2,4
60724.52,5,3
60766.96,3,0
60776.41,3,1
60824.55,5,3
60826.53,2,1
60829.06,3,2
60942.73,0,3
61027.74,2,3
61044.19,3,0
61223.87,1,2
61241.73,5,3
61316.1,2,3
61381.35,4,0
61391.76,1,4
61459.29,4,2
61545.31,4,1
61548.71,5,4
61574.53,4,5
61576.0,1,2
61666.69,1,0
61697.18,2,1
61713.18,3,5
61738.47,0,1
61752.32,3,5
61781.86,3,5
61821.93,2,1
61912.84,2,0
61929.61,3,0
61938.5,4,1
62035.79,5,1
62092.4,2,4
62128.41,5,0
62160.54,1,2
62206.49,0,2
62221.04,2,3
62248.6,3,2
62279.32,1,4
62297.31,4,5
62322.61,0,1
62358.43,5,2
62399.65,4,5
62416.26,5,0
62449.12,2,3
62500.29,2,3
62553.66,5,2
62564.1,4,1
62679.07,4,3
62733.09,5,1
62796.97,5,3
63095.93,2,4
63121.85,5,0
63165.59,4,1
63186.61,5,1
63244.57,5,3
63363.08,5,2
63398.47,1,5
63408.46,0,4
63415.31,2,5
63487.28,1,3
63540.41,1,3
63553.04,2,4
63630.62,2,3
63645.71,2,4
63740.98,3,0
63841.62,4,5
63986.01,0,4
64096.11,4,0
64197.17,3,5
64214.89,0,2
64222.28,1,3
64248.59,4,3
64256.32,5,1
64331.78,3,2
64381.64,1,3
64431.96,0,4
64447.94,1,5
64520.24,3,0
64527.17,3,4
64552.99,3,4
64553.23,4,1
64618.81,0,3
64689.52,4,1
64690.42,0,2
64703.25,2,3
64710.15,3,5
64754.57,1,0
64841.39,2,3
64871.82,4,5
64908.95,3,1
64929.93,3,2
64999.27,1,4
65000.24,1,2
65012.1,0,5
65047.22,0,3
65109.31,0,4
65213.9,2,5
65262.69,4,0
65316.92,5,0
65319.4,0,4
65348.77,0,5
65363.34,5,1
65374.84,5,0
65392.76,5,0
65447.06,2,5
65493.59,1,4
65582.38,0,5
65645.8,0,3
65651.86,0,4
65662.93,1,3
65751.97,1,3
65812.75,2,1
65814.76,3,1
65873.03,3,2
65886.39,0,1
66005.08,4,3
66013.16,0,5
66017.06,5,0
66134.64,5,1
66165.14,2,3
66196.35,0,2
66299.98,2,3
66380.85,2,4
66447.93,0,1
66448.41,1,2
66468.34,3,5
66483.96,5,0
66507.27,2,1
66513.31,3,4
66529.17,3,4
66609.62,5,1
66615.62,5,0
66815.3,1,0
66842.2,4,3
66923.24,5,3
66933.24,3,2
66980.49,5,1
67013.49,3,0
67122.77,3,0
67126.04,5,2
67126.66,5,4
67199.61,4,5
67212.29,5,2
67248.9,5,4
67253.9,5,1
67286.78,5,3
67294.83,4,5
67297.63,5,1
67332.85,3,4
67434.64,0,4
67453.97,2,3
67456.55,1,5
67508.1,3,1
67512.2,3,5
67541.92,3,4
67560.92,3,0
67566.33,3,0
67607.06,0,1
67685.51,4,2
67795.93,4,1
67849.08,3,2
67871.66,0,2
67964.65,2,5
68037.58,4,3
68100.63,2,4
68106.69,5,1
68106.8,2,3
68146.47,2,0
68148.81,1,4
68156.38,5,3
68162.03,4,1
68172.42,3,1
68202.95,1,3
68208.66,3,0
68339.27,5,4
68345.84,3,4
68399.55,4,1
68565.56,0,5
68632.2,4,3
68723.46,3,5
68799.41,1,5
68808.95,1,0
68833.45,4,5
68940.6,4,3
68967.72,4,1
68983.7,2,3
69013.85,1,2
69040.47,5,4
69058.22,5,4
69156.78,5,4
69206.85,1,2
69255.78,2,3
69382.81,1,2
69417.86,5,2
69479.82,2,5
69512.55,4,3
69568.63,4,2
69673.6,3,0
69710.58,0,4
69718.44,5,0
69729.59,1,3
69787.09,1,0
69845.75,2,1
69915.79,0,3
69999.89,0,5
70101.15,5,4
70201.22,5,4
70225.84,4,2
70284.88,0,4
70309.39,5,2
70478.22,0,1
70546.28,1,5
70647.85,3,1
70769.08,5,2
70839.43,4,5
70850.37,5,1
70867.79,1,0
70878.14,1,5
70884.49,0,4
70900.85,2,1
70909.63,2,0
70929.69,5,1
70931.73,2,5
70934.34,5,4
71026.96,2,4
71104.97,4,2
71108.76,5,2
71146.02,1,5
71149.55,4,1
71176.44,4,3
71181.26,1,2
71235.69,2,3
71253.07,4,5
71285.27,4,0
71291.37,2,4
71305.11,5,4
71430.53,1,0
71487.91,2,4
71611.71,0,4
71626.54,5,2
71627.79,4,2
71663.9,4,3
71697.25,2,1
71716.56,0,1
71725.72,4,5
71726.09,0,2
71781.57,1,4
71871.86,1,5
71960.09,5,3
72012.1,0,2
72013.3,5,2
72015.23,0,1
72025.03,2,5
72028.68,1,3
72054.86,3,4
72083.24,0,4
72139.17,4,0
72190.45,4,0
72260.97,4,0
72321.32,0,3
72452.91,0,3
72530.2,2,5
72534.73,3,4
72559.86,5,0
72591.99,4,1
72599.32,3,5
72616.79,5,1
72634.49,5,2
72792.27,0,5
72896.15,1,0
72898.29,4,5
72923.34,4,0
72941.51,5,2
72953.4,5,4
72961.09,1,2
73009.06,2,1
73015.14,5,4
73110.76,4,3
73162.49,0,3
73218.18,2,0
73229.18,4,3
73380.53,2,1
73436.16,1,0
73452.94,0,2
73472.06,3,2
73519.96,2,5
73528.23,4,2
73610.66,3,1
73610.91,1,2
73673.18,5,3
73689.38,2,1
73746.28,2,4
73777.36,2,3
73810.73,0,2
73862.59,0,3
73960.44,1,5
73971.37,5,0
74036.36,0,5
74086.3,4,5
74112.27,4,1
74230.65,4,2
74269.86,4,3
74322.91,1,3
74347.83,4,2
74355.02,4,5
74359.76,2,5
74360.29,1,5
74417.92,4,1
74447.47,1,5
74595.98,5,1
74662.56,3,2
74664.62,3,1
74667.87,2,1
74670.06,1,5
74789.21,2,4
74820.92,3,0
74822.95,5,2
74828.4,4,2
74918.45,2,5
74957.76,1,4
75010.77,2,5
75063.74,0,5
75078.23,1,5
75104.27,2,4
75182.93,4,0
75217.78,1,4
75226.83,0,5
75278.4,1,2
75288.74,2,5
75351.91,0,2
75378.68,2,0
75411.53,3,4
75423.36,1,4
75424.49,0,2
75467.1,1,2
75516.75,0,5
75524.69,1,3
75652.53,4,3
75698.26,4,0
75803.66,5,2
75950.77,1,4
75997.41,3,4
76006.76,3,5
76014.46,4,1
76063.26,4,2
76072.44,5,2
76200.22,4,5
76203.79,3,4
76210.88,0,2
76247.86,4,3
76335.44,4,0
76345.21,4,5
76347.2,4,5
76416.99,0,4
76470.84,4,5
76558.72,5,3
76595.63,2,0
76655.44,3,1
76794.81,3,4
76816.39,5,4
76821.53,1,3
76853.95,1,0
76870.61,4,3
76885.51,0,1
76928.65,0,5
76929.01,5,1
76987.21,2,4
77009.7,1,4
77062.42,2,3
77158.96,3,5
77181.72,2,4
77252.04,3,5
77328.61,3,1
77351.73,4,3
77366.37,2,5
77387.47,5,3
77454.02,5,0
77522.9,3,1
77528.19,4,3
77605.29,4,5
77665.01,5,0
77673.77,5,0
77755.34,1,4
77885.43,3,0
77888.75,1,3
77892.92,0,4
78026.37,3,5
78079.75,2,5
78082.71,1,4
78111.61,1,5
78128.46,0,5
78164.18,5,1
78211.93,5,0
78234.22,5,0
78419.98,0,3
78495.61,2,4
78521.61,1,5
78522.38,5,0
78648.15,4,2
78712.91,4,5
78734.3,2,1
78780.92,1,4
78913.68,4,0
78928.81,3,5
78934.44,0,5
78951.86,0,5
79108.85,4,5
79123.25,3,4
79164.66,1,3
79327.17,3,4
79440.6,0,4
79446.78,0,4
79496.99,1,2
79577.5,3,2
79613.83,0,3
79628.1,0,4
79684.1,2,0
79724.53,1,4
79743.37,1,5
79759.04,5,1
79793.6,1,2
79860.08,2,1
79873.1,1,5
79895.1,0,1
80021.5,5,3
80069.08,4,0
80163.27,2,5
80182.22,4,2
80215.97,4,2
80241.33,4,1
80244.12,3,4
80384.5,0,5
80405.83,5,1
80436.38,0,5
80467.2,5,0
80467.79,1,4
80511.29,2,3
80558.72,2,1
80598.49,1,3
80630.36,4,2
80653.14,3,4
80664.96,5,2
80687.67,3,2
80717.63,4,1
80911.45,5,1
80995.6,5,2
81077.1,4,3
81174.11,1,2
81254.59,5,1
81286.61,0,2
81313.98,1,5
81352.16,2,4
81370.0,4,5
81372.44,0,2
81375.54,2,4
81466.84,0,4
81535.09,2,3
81557.43,4,2
81578.52,3,0
81600.14,5,4
81611.23,4,5
81620.82,2,3
81640.48,4,3
81715.01,3,0
81739.0,2,4
81788.94,1,2
81840.1,2,4
81889.99,4,3
81984.48,0,1
81993.32,1,3
82012.37,2,3
82058.86,3,2
82168.19,2,5
82204.98,3,4
82214.14,0,2
82279.2,5,2
82420.23,5,0
82432.05,3,0
82437.08,3,5
82439.84,3,5
82512.25,0,1
82527.47,1,0
82580.66,3,2
82593.68,5,2
82622.96,1,2
82660.36,1,0
82662.15,2,3
82762.0,3,5
82898.56,4,3
82905.81,5,4
82915.56,4,3
82965.41,5,4
82993.95,5,4
83012.48,2,4
83051.27,0,4
83069.67,3,2
83078.14,0,1
83115.18,1,3
83132.08,4,0
83190.28,3,4
83208.09,3,2
83253.53,0,5
83276.92,3,5
83305.65,1,2
83368.4,5,3
83456.54,1,3
83460.67,5,1
83497.01,4,2
83513.76,5,4
83596.49,3,1
83692.52,1,2
83709.62,5,3
83757.7,2,5
83791.56,2,0
83799.81,4,0
83810.1,0,3
83825.78,5,3
83890.71,1,0
83898.88,3,1
83919.8,2,4
84229.62,3,0
84249.67,1,0
84265.16,3,0
84304.34,1,2
84417.36,2,4
84505.45,0,2
84529.74,3,1
84596.64,0,2
84627.52,0,5
84682.35,1,4
84707.0,2,3
84715.63,5,0
84783.9,4,5
84790.42,3,2
84801.49,0,2
84982.6,1,4
85002.22,1,3
85046.15,3,1
85046.6,0,5
85123.11,3,5
85131.53,0,2
85140.11,0,5
85160.76,5,0
85163.84,5,1
85224.27,0,2
85257.72,2,5
85335.41,2,4
85401.47,0,4
85423.64,1,3
85538.11,3,4
85579.05,4,3
85589.57,1,5
85610.93,5,3
85627.03,4,5
85635.77,4,1
85665.61,2,5
85688.48,0,5
85712.3,1,0
85760.65,2,5
85774.29,5,0
85827.98,4,3
85838.51,5,3
85911.07,1,5
85927.72,3,2
85933.57,4,0
85935.81,1,2
86039.18,1,0
86072.39,0,1
86114.71,3,4
86152.02,5,4
86166.8,2,1
86213.37,0,1
86346.48,1,4
86478.31,0,4
86559.04,0,3
86599.87,3,2
86678.92,0,5
86694.37,0,1
86784.3,0,2
86945.98,0,1
87010.56,4,3
87021.06,4,1
87063.26,1,5
87132.42,3,0
87205.1,4,2
87261.22,5,3
87368.42,1,2
87408.35,4,2
87461.92,4,5
87491.18,2,3
87531.12,2,3
87557.7,5,3
87645.18,2,5
87658.95,4,1
87682.45,4,2
87704.77,3,4
87865.49,0,1
88069.09,4,0
88105.54,2,0
88123.4,1,2
88220.2,0,3
88345.94,4,5
88388.21,4,1
88393.16,3,2
88401.65,2,3
88511.84,1,2
88526.65,2,0
88568.9,4,1
88635.16,5,2
88713.89,1,4
88801.24,5,4
88886.85,0,5
88938.24,0,5
88962.27,0,3
88983.65,3,4
89116.79,0,2
89185.64,4,0
89235.88,5,3
89238.67,4,0
89257.9,4,1
89277.69,5,1
89286.0,5,3
89463.09,4,5
89498.23,1,4
89515.34,3,1
89522.42,0,4
89564.79,0,5
89590.26,0,4
89625.1,5,1
89696.89,3,5
89707.93,3,5
89718.84,4,5
89732.97,0,3
89807.95,2,5
89812.64,5,3
89840.19,2,1
89859.52,4,0
89932.94,1,3
89980.82,3,5
89988.7,0,2
89999.84,2,1
90070.73,0,1
90138.0,1,5
90268.68,2,0
90289.71,0,3
90319.6,0,3
90331.33,4,1
90342.72,4,2
90382.51,4,1
90441.9,5,0
90465.53,5,4
90467.75,1,0
90484.45,5,4
90500.28,3,0
90503.72,5,2
90558.1,5,2
90657.96,0,3
90758.99,5,3
90772.13,3,5
90959.91,0,3
90993.06,4,5
90997.66,1,5
91167.91,4,0
91169.94,4,2
91190.23,3,1
91191.16,5,2
91213.11,2,1
91489.11,4,2
91572.65,5,2
91678.12,0,5
91827.03,1,2
91847.94,3,1
91852.53,3,5
92014.24,4,1
92041.25,4,1
92069.04,2,5
92089.01,4,1
92100.59,1,5
92139.57,1,2
92158.05,5,4
92278.2,3,1
92331.59,4,1
92350.69,4,5
92499.1,0,2
92518.21,1,0
92590.71,3,4
92608.78,5,2
92617.02,1,0
92624.07,0,5
92672.05,4,5
92719.44,4,1
92732.57,0,3
92736.71,3,1
92771.6,4,3
92833.84,2,1
92929.41,3,4
92936.81,1,2
92938.45,0,3
93088.43,1,2
93159.33,0,2
93290.26,3,5
93323.92,2,4
93433.2,3,4
93508.05,4,3
93571.74,3,5
93711.7,4,5
93750.11,5,0
93786.87,3,4
93874.6,0,2
93911.16,3,0
93951.95,4,0
93962.48,3,4
94070.36,2,4
94079.46,2,5
94205.15,5,4
94322.15,3,4
94326.89,4,0
94336.8,4,5
94344.07,3,2
94374.04,1,4
94418.66,5,1
94525.75,0,3
94545.33,5,1
94608.69,0,1
94614.75,3,2
94619.21,5,3
94684.1,4,5
94833.64,3,5
94857.59,1,3
94899.27,5,1
94908.11,1,2
94981.41,0,4
94999.83,5,3
95016.86,1,0
95131.27,1,0
95179.99,2,0
95210.67,3,5
95293.04,4,3
95306.62,4,3
95336.86,3,0
95382.82,0,2
95489.75,2,5
95539.28,1,0
95549.5,0,3
95551.37,0,5
95642.38,2,3
95768.91,0,1
95795.88,1,2
95851.63,4,5
95894.1,4,1
96063.6,5,4
96085.93,0,1
96159.09,2,3
96273.0,0,4
96365.67,0,3
96397.49,0,3
96417.46,3,5
96429.24,1,5
96432.23,4,5
96650.11,3,5
96785.93,5,2
96813.78,2,3
96851.04,4,2
96981.98,4,5
97016.28,5,3
97050.19,1,5
97063.43,2,1
97063.51,0,4
97112.62,0,2
97192.98,3,4
97195.31,2,5
97277.31,1,0
97328.48,5,2
97343.16,0,3
97361.02,4,2
97433.86,0,3
97454.74,5,4
97502.59,0,2
97513.38,2,4
97637.32,0,2
97670.16,5,3
97781.47,4,2
97812.51,3,0
97902.63,2,5
97967.17,2,5
98005.55,1,5
98063.39,2,0
98238.08,2,0
98258.79,3,5
98351.18,4,5
98375.86,4,0
98475.83,2,3
98537.7,2,4
98542.24,1,3
98572.3,2,1
98609.54,1,0
98632.97,0,2
98755.27,3,5
98756.53,3,5
98764.9,2,4
98830.82,4,2
98905.52,1,0
98991.86,4,1
99003.34,0,4
99027.86,4,0
99028.06,0,5
99130.8,2,4
99240.8,0,5
99313.46,5,2
99314.59,2,1
99333.94,1,3
99350.13,2,4
99405.74,2,1
99414.31,0,1
99573.17,4,5
99578.57,4,2
99618.42,2,1
99761.9,2,5
99775.94,0,3
99823.44,2,5
99852.76,1,0
99884.57,5,0
99890.17,0,1
99917.97,1,5
100028.92,5,3
100076.81,2,3
100161.85,5,4
100165.94,3,5
100173.0,5,3
100178.12,2,4
100209.91,1,2
100308.61,4,2
100430.63,3,1
100490.76,5,2
100568.5,2,4
100601.93,0,4
100607.92,3,4
100701.38,2,3
100747.75,1,5
100753.18,5,0
100772.9,5,0
100851.52,4,3
100877.12,3,1
100925.62,4,1
101107.89,3,0
101128.72,5,4
101156.93,3,5
101234.33,4,1
101243.83,5,0
101311.07,5,4
101401.69,0,5
101447.02,2,5
101452.15,3,1
101470.56,3,0
101516.16,5,4
101589.94,3,2
101624.03,5,0
101628.77,1,5
101745.56,5,0
101816.31,5,1
101846.47,2,4
101894.27,3,1
101905.78,2,3
101948.01,5,2
102073.37,3,2
102305.1,4,0
102352.37,4,3
102446.44,2,0
102469.49,4,0
102469.53,4,2
102475.34,2,0
102488.75,5,4
102513.81,2,4
102539.86,3,5
102551.72,1,4
102559.21,4,3
102651.89,2,4
102660.27,5,1
102667.48,0,1
102675.25,3,4
102859.64,1,0
102867.02,3,4
102979.04,5,4
103112.23,4,1
103142.52,3,5
103228.28,3,2
103241.07,3,5
103241.45,3,1
103303.71,2,4
103434.28,4,2
103435.98,0,5
103468.99,2,0
103512.4,5,0
103520.06,5,4
103725.52,2,4
103761.9,4,5
103766.53,3,0
103824.14,4,5
103842.88,0,3
103881.17,0,4
103911.43,3,5
103977.61,3,2
104139.28,2,3
104148.45,5,4
104217.65,5,4
104232.73,5,3
104275.89,4,0
104329.29,2,5
104330.67,3,0
104337.45,0,3
104351.98,4,2
104368.07,2,0
104435.7,4,1
104556.17,5,1
104609.99,2,1
104625.13,5,1
104658.3,4,0
104679.29,0,2
104724.55,1,4
104794.42,3,4
104808.01,3,1
104819.85,5,2
104822.64,2,0
104825.34,3,4
104857.67,3,5
104870.98,5,3
104903.16,1,5
105005.28,0,3
105136.29,3,4
105193.03,4,0
105198.15,4,2
105354.54,3,5
105479.62,2,3
105495.38,0,3
105548.49,3,4
105622.66,5,1
105688.94,4,1
105725.63,5,1
105744.42,0,1
105833.52,0,4
105838.66,0,4
105860.31,5,2
105874.82,0,1
105923.12,0,5
105976.57,1,5
106027.39,5,0
106031.9,4,1
106055.48,5,4
106136.76,1,0
106196.24,2,3
106227.7,0,4
106355.7,2,4
106414.61,5,2
106429.49,0,3
106504.54,3,4
106524.77,0,3
106680.5,2,1
106709.54,3,1
106756.66,1,4
106762.4,4,3
106774.72,5,0
106896.59,5,2
106902.04,0,1
106944.39,2,4
106945.34,3,1
106998.24,0,1
107052.86,2,1
107113.07,3,5
107113.26,5,3
107145.77,3,0
107184.61,0,4
107338.74,3,0
107380.62,2,3
107437.88,3,0
107487.9,5,0
107510.63,2,0
107602.63,2,1
107612.35,0,4
107666.4,2,4
107779.79,5,2
107813.11,5,3
107879.58,1,0
107890.3,5,4
107903.93,3,0
107982.61,5,2
108017.24,3,0
108019.13,0,3
108096.63,0,4
108102.92,5,4
108133.58,5,4
108141.65,4,1
108271.04,0,2
108304.6,0,4
108423.45,4,0
108437.35,5,1
108438.07,5,0
108555.59,0,4
108602.83,4,0
108687.96,0,1
108722.33,4,1
108725.59,1,4
108746.17,5,3
108765.76,5,4
108805.23,2,1
108877.48,4,1
108897.91,0,3
108905.53,3,1
108965.11,4,1
108993.98,4,0
109001.14,5,4
109024.73,1,0
109130.59,0,1
109130.95,0,5
109239.93,3,4
109298.87,1,2
109349.93,4,3
109376.48,1,5
109435.31,4,1
109498.46,4,0
109547.8,2,3
109574.93,4,1
109585.58,4,0
109633.82,4,5
109646.2,5,1
109662.38,1,0
109742.01,5,3
109776.42,1,0
109779.2,2,3
109790.96,2,3
109838.92,3,0
109844.43,0,5
109854.1,0,4
109890.28,0,2
109954.17,4,5
109973.9,1,3
109986.97,0,3
109999.9,1,4
110101.86,3,1
110105.68,4,3
110108.48,3,1
110120.65,4,3
110130.46,2,1
110161.06,1,3
110346.63,1,3
110353.43,5,4
110356.5,1,0
110451.91,3,4
110461.3,2,1
110570.06,4,1
110647.99,5,4
110765.98,4,5
110862.54,0,4
110959.77,3,1
111004.55,3,2
111005.28,3,1
111019.52,3,5
111032.09,4,1
111154.62,0,4
111350.69,0,4
111416.8,4,0
111444.53,3,4
111527.49,5,0
111557.61,1,0
111598.48,0,4
111748.2,1,3
111765.74,5,0
111766.54,5,2
111775.37,3,5
111844.14,0,4
111875.3,1,4
111885.52,2,4
111946.38,0,1
111970.68,5,2
112008.52,2,4
112078.42,5,4
112117.51,1,0
112165.95,2,0
112202.1,5,2
112311.56,0,4
112334.31,4,0
112357.06,1,5
112418.08,4,1
112425.53,2,1
112464.31,5,3
112531.17,4,1
112601.12,1,3
112622.87,2,5
112679.88,2,0
112683.15,2,4
112716.45,4,0
112748.21,4,5
112863.06,3,5
112886.02,5,0
112896.45,3,0
112900.63,1,3
113059.44,0,1
113068.44,0,2
113102.73,1,5
113254.67,0,3
113281.61,5,4
113415.82,3,2
113443.07,5,0
113460.3,0,1
113563.0,1,5
113614.74,3,5
113635.73,5,2
113669.02,5,4
113761.25,3,4
113779.37,1,3
113788.79,2,1
113821.9,2,0
113829.93,2,4
113986.35,4,1
114048.56,2,1
114229.54,5,1
114238.33,0,1
114492.27,4,1
114521.34,2,1
114532.82,5,0
114587.59,2,1
114610.92,4,1
114649.06,0,1
114674.98,3,1
114822.61,2,1
114822.82,5,4
115008.48,2,3
115040.6,2,5
115095.56,4,3
115116.24,0,4
115231.45,1,5
115237.67,0,4
115285.72,1,4
115307.83,2,0
115354.68,1,5
115392.05,2,1
115393.19,4,3
115449.71,0,5
115474.78,3,2
115521.0,4,0
115640.54,2,4
115648.54,3,2
115672.94,0,3
115694.09,2,4
115797.78,0,2
115862.86,3,4
115944.26,2,1
116026.17,3,4
116033.68,4,5
116038.18,1,3
116070.37,4,2
116073.79,4,3
116078.42,3,2
116105.18,4,3
116167.12,1,2
116177.41,3,2
116217.76,0,3
116307.73,2,4
116348.7,3,1
116350.06,0,2
116365.29,5,3
116371.92,5,2
116398.92,3,1
116400.36,2,4
116659.01,0,5
116727.45,4,3
116769.13,2,4
116952.12,0,3
116988.04,4,0
117081.35,1,5
117084.36,2,4
117189.68,1,3
117198.6,2,3
117225.79,2,0
117242.91,4,0
117278.97,5,1
117351.31,4,1
117390.54,2,3
117406.38,5,2
117411.42,4,2
117498.09,0,2
117534.59,2,4
117561.14,1,0
117573.43,4,1
117662.49,4,5
117721.0,4,5
117783.33,5,0
117810.34,0,1
117895.76,0,4
117917.16,5,2
117924.65,3,5
117961.67,2,1
118023.55,0,1
118036.12,5,1
118094.37,2,1
118106.14,0,4
118164.83,0,1
118165.78,3,4
118167.95,0,1
118246.72,4,5
118249.77,0,3
118251.99,2,0
118322.22,0,5
118333.72,1,2
118389.24,0,1
118397.11,5,2
118545.7,2,3
118554.45,4,5
118568.29,4,0
118573.51,4,0
118611.14,5,1
118777.72,1,5
118777.93,5,0
118906.94,4,3
118929.76,4,1
118958.72,0,2
119048.73,3,4
119060.79,1,4
119066.78,2,0
119098.14,4,1
119132.38,2,3
119173.1,0,1
119192.98,0,4
119209.66,4,2
119267.75,3,1
119308.11,2,4
119318.57,0,4
119458.48,2,1
119459.12,5,3
119514.88,3,4
119551.85,5,0
119558.2,3,4
119617.58,0,2
119620.92,1,3
119632.1,3,0
119645.35,3,4
119661.67,5,4
119706.7,5,3
119728.71,5,4
119878.64,3,5
119894.98,3,0
119901.5,3,4
119914.62,1,0
119919.87,0,1
119954.34,0,2
119978.45,5,2
119986.74,4,5
119991.81,0,5
120064.77,3,1
120082.14,3,4
120117.28,4,2
120200.18,4,5
120201.07,0,4
120307.14,0,4
120337.04,3,4
120367.82,0,2
120408.49,2,1
120442.3,1,3
120505.19,3,0
120547.26,3,5
120605.08,4,3
120637.38,1,5
120640.25,2,4
120684.96,3,5
120741.38,2,3
120744.55,4,0
120751.41,2,3
120834.33,4,0
120906.78,5,2
120930.73,3,2
121171.8,3,2
121174.71,1,2
121188.08,2,5
121192.52,5,0
121294.12,0,3
121303.43,4,2
121305.33,5,3
121347.3,3,2
121348.33,3,5
121349.46,2,4
121391.7,2,5
121396.84,3,0
121455.54,1,3
121489.87,5,2
121498.98,2,3
121673.37,1,4
121723.82,0,5
121735.86,2,0
121753.51,4,3
121835.14,4,0
121898.38,4,0
121943.19,2,0
121984.98,4,3
122012.83,2,0
122065.54,2,5
122147.06,3,5
122165.85,3,4
122180.32,4,3
122235.99,4,1
122342.38,5,4
122441.66,4,3
122453.63,5,3
122469.23,5,4
122551.99,3,5
122616.83,0,5
122628.03,3,1
122641.77,5,2
122734.71,3,2
122833.08,0,2
122926.61,2,3
122978.54,2,5
122992.01,1,0
123000.13,0,2
123079.87,2,4
123113.08,3,4
123165.14,0,2
123173.82,1,0
123188.76,2,5
123198.44,0,4
123274.66,0,1
123293.5,2,0
123408.91,3,2
123464.6,0,4
123607.98,5,1
123621.44,4,5
123756.55,4,5
123906.01,4,2
123940.31,0,2
123986.1,2,3
124075.39,5,3
124157.35,5,1
124294.4,1,2
124300.05,1,3
124328.99,2,5
124331.87,4,2
124392.01,0,3
124431.46,3,1
124596.73,1,3
124628.97,2,3
124630.04,4,0
124722.13,5,0
124780.8,5,1
124795.38,3,2
124846.32,5,2
124963.05,5,0
125001.33,1,4
125025.92,3,2
125043.81,1,3
125055.62,1,4
125105.52,5,3
125183.39,2,0
125270.03,3,4
125336.79,2,4
125441.48,0,2
125501.42,4,0
125523.1,4,5
125590.03,3,0
125661.8,5,1
125711.54,5,1
125711.69,1,3
125730.51,0,1
125739.1,4,1
125832.96,5,3
125911.62,2,4
125944.16,5,1
125959.26,5,4
126046.92,2,1
126051.33,2,1
126076.33,3,5
126089.04,0,5
126141.12,5,1
126259.79,3,1
126274.97,1,0
126300.6,3,5
126315.66,0,3
126324.99,4,0
126325.7,4,3
126399.92,3,4
126406.22,5,1
126416.79,2,3
126485.4,3,1
126513.62,1,5
126525.76,2,1
126552.86,3,1
126554.32,2,1
126602.39,1,3
126646.11,5,3
126650.59,3,1
126753.16,5,3
126811.22,5,3
126872.85,5,4
126887.65,0,5
126890.67,2,1
126922.51,2,5
127062.61,4,0
127062.88,4,5
127086.86,3,2
127093.95,4,0
127137.39,2,1
127172.42,2,4
127179.49,2,5
127207.86,2,0
127226.65,1,4
127329.31,2,3
127459.65,2,3
127507.11,2,5
127525.88,1,3
127592.64,3,1
127633.2,5,3
127635.93,1,0
127648.99,0,4
127664.06,5,3
127692.74,3,0
127721.86,5,4
127755.06,3,0
127848.55,1,0
127870.06,1,3
127880.02,1,5
127966.48,4,5
127978.42,0,5
128051.22,1,4
128177.77,1,4
128234.26,2,0
128250.98,5,0
128276.04,4,0
128366.73,1,0
128370.96,5,3
128401.22,2,5
128454.87,2,0
128508.25,3,2
128655.52,5,4
128662.44,0,3
128681.96,0,1
128721.57,4,3
128726.43,2,1
128740.15,3,0
128741.19,1,2
128765.78,3,2
128817.87,5,1
128824.3,3,4
128890.86,2,5
128897.9,5,0
128987.11,4,1
129020.74,3,4
129036.37,4,3
129041.1,3,2
129088.68,3,4
129093.55,4,2
129274.65,5,1
129326.81,5,1
129460.25,4,5
129464.63,3,4
129468.76,3,2
129476.8,1,3
129568.91,4,3
129586.43,0,5
129590.41,0,5
129596.1,3,4
129601.06,5,4
129684.85,2,3
129728.89,4,0
129734.94,5,3
129744.83,1,4
129747.15,3,2
129765.99,5,3
129836.8,3,5
129919.27,2,1
129931.12,0,5
129946.13,5,0
129974.57,0,1
129999.69,0,2
130053.02,3,4
130154.56,5,4
130219.28,2,5
130303.15,4,2
130361.81,5,3
130443.46,0,2
130450.72,1,0
130535.35,5,1
130633.3,1,4
130685.6,5,1
130714.21,5,4
130724.81,2,4
130732.82,3,0
130739.01,1,4
130905.04,3,0
131003.27,4,1
131014.52,4,3
131017.13,0,1
131066.9,5,3
131261.23,3,5
131306.53,4,2
131308.41,3,4
131344.43,5,4
131481.31,3,1
131543.95,4,0
131571.36,2,5
131574.64,5,3
131684.61,0,4
131733.35,5,2
131763.09,3,0
131771.89,5,1
131803.56,3,1
131838.99,4,2
131966.37,5,3
131973.4,2,4
132134.1,5,2
132213.57,1,5
132225.18,5,0
132280.17,1,2
132291.3,4,3
132296.61,3,4
132314.71,1,5
132317.12,0,3
132423.51,2,1
132433.11,4,0
132515.32,2,4
132521.37,1,0
132562.64,3,2
132815.71,2,0
132889.21,4,2
133002.54,5,4
133048.89,0,1
133179.5,3,4
133343.87,0,1
133419.95,4,0
133506.71,0,5
133512.28,5,0
133614.62,2,1
133679.78,5,3
133751.55,3,0
133759.93,2,3
133845.44,0,2
133874.35,3,0
133888.42,3,2
133905.32,1,0
133920.78,5,3
133943.15,5,1
133951.37,4,3
134028.74,1,4
134055.41,3,4
134207.07,4,2
134350.96,3,1
134424.48,5,4
134568.28,0,3
134587.18,1,4
134590.36,0,2
134706.76,0,5
134886.73,3,4
134995.21,5,4
135098.61,5,2
135218.58,0,3
135333.81,4,1
135394.06,3,1
135503.34,4,5
135556.12,5,2
135665.44,5,3
135740.11,2,0
135741.99,2,4
135806.56,5,1
135843.31,4,2
135855.33,4,5
135874.05,2,1
135875.23,4,5
135890.2,2,4
136107.16,0,1
136199.29,2,5
136221.17,0,1
136250.95,4,0
136281.13,1,5
136322.82,5,4
136415.87,1,3
136433.65,5,4
136489.45,5,3
136526.12,1,0
136545.98,4,1
136632.52,2,4
136637.67,5,3
136725.81,0,1
136729.02,1,4
136741.11,0,3
136797.59,3,5
136838.52,3,2
136882.41,5,3
137165.33,5,3
137231.12,3,1
137238.91,1,4
137301.0,1,5
137400.49,0,2
137430.88,0,2
137575.06,2,0
137621.08,3,0
137627.52,4,2
137629.57,1,0
137652.79,2,3
137670.2,0,2
137677.86,4,3
137680.36,2,3
137692.5,5,3
137692.6,4,2
137696.1,0,4
137728.91,2,5
137759.02,2,4
137791.26,5,4
137798.38,1,5
137848.98,3,4
137857.04,5,2
137861.72,4,5
137888.07,1,4
137908.77,0,4
137975.34,5,0
138075.82,5,0
138118.25,5,2
138159.42,0,5
138163.87,4,5
138206.87,0,5
138243.76,3,5
138357.34,0,5
138367.25,0,3
138444.51,1,5
138473.88,4,5
138493.2,4,0
138527.01,0,3
138555.74,3,0
138653.92,2,4
138668.78,0,1
138707.8,2,1
138717.89,0,2
138736.21,3,1
138739.24,2,1
138740.62,0,3
138765.33,2,1
138791.95,2,3
138815.49,0,1
138826.81,4,5
138840.3,4,5
138864.61,0,3
138867.74,3,5
138893.88,3,0
138920.04,1,0
138935.72,4,0
138949.86,4,1
138968.03,3,4
138972.41,5,4
138983.78,1,3
139022.66,1,2
139061.22,3,5
139091.27,0,4
139253.62,4,2
139306.55,1,0
139309.66,3,2
139355.2,5,3
139714.44,5,1
139758.43,4,2
139760.76,5,4
139802.16,2,0
139827.31,0,2
139891.87,2,4
139903.71,4,2
140011.39,2,3
140206.1,5,3
140222.04,5,2
140242.94,3,5
140262.85,5,1
140314.84,0,5
140347.2,0,2
140373.85,5,3
140445.72,4,0
140523.12,5,0
140561.8,5,3
140617.57,2,4
140705.43,2,4
140715.18,5,0
140721.85,2,1
140751.25,1,0
140822.27,5,2
140832.9,4,2
140915.53,1,2
141111.43,2,0
141127.9,5,4
141139.63,1,4
141145.51,2,5
141180.2,1,5
141190.97,5,4
141246.73,4,5
141256.38,4,1
141324.9,1,3
141460.48,1,5
141525.74,2,1
141619.82,0,5
141667.48,5,4
141774.8,0,4
141826.02,5,0
141922.18,2,4
142015.18,3,2
142021.67,4,3
142055.89,4,0
142163.51,1,0
142179.79,3,5
142209.58,0,4
142220.4,0,5
142302.83,5,1
142493.88,3,0
142618.33,1,2
142638.29,0,1
142639.71,3,0
142684.6,5,2
142776.38,1,0
142808.47,2,0
142894.66,4,1
143038.38,4,5
143067.24,0,4
143110.49,0,1
143234.76,3,2
143345.16,5,0
143421.48,0,4
143424.29,4,3
143427.7,5,0
143468.66,2,4
143494.34,4,3
143507.61,4,5
143508.15,3,4
143587.42,4,5
143592.76,5,0
143623.03,2,5
143633.72,0,1
143678.93,0,5
143756.82,1,5
143763.56,4,2
143785.51,3,5
143814.92,1,2
143894.65,0,2
143913.33,3,5
144073.95,2,3
144117.76,4,1
144125.74,2,5
144146.73,2,0
144183.19,5,1
144186.14,4,5
144283.98,3,2
144294.85,1,2
144371.77,2,1
144426.88,5,3
144472.67,2,5
144514.41,2,5
144532.22,2,1
144537.76,0,4
144550.14,0,2
144609.23,3,5
144621.21,3,2
144703.53,3,1
144729.1,0,3
144729.6,2,0
144770.05,1,3
144799.08,5,4
144921.0,2,0
145106.07,1,2
145122.78,1,3
145186.22,2,5
145200.33,1,0
145210.02,2,0
145211.08,5,1
145234.89,0,3
145372.43,2,4
145386.16,2,1
145527.81,4,3
145633.15,0,1
145640.95,1,2
145651.59,3,2
145670.73,3,1
145797.65,4,5
145808.13,4,2
145886.06,2,1
145888.8,2,1
145984.16,4,3
145995.9,0,4
146074.17,4,0
146083.33,3,5
146106.77,4,3
146116.63,5,2
146153.91,3,4
146186.01,4,3
146236.83,4,0
146248.43,1,4
146347.88,3,1
146366.15,3,5
146374.7,2,3
146414.69,1,0
146432.17,4,2
146445.25,0,4
146481.15,2,4
146511.14,3,4
146534.05,3,2
146549.99,0,2
146579.13,2,0
146601.38,0,3
146693.83,4,5
146745.42,2,1
146750.6,0,3
146752.55,1,3
146763.5,2,3
146781.53,5,2
146792.1,4,1
147114.15,5,4
147235.89,0,3
147252.44,2,4
147398.21,4,0
147430.14,4,1
147530.44,1,2
147594.69,1,4
147608.0,4,5
147678.86,5,3
147699.69,0,3
147793.16,3,4
147804.92,3,5
147806.45,1,5
147909.92,2,0
147944.56,5,2
147965.32,3,4
148023.2,3,5
148041.01,4,0
148082.93,0,2
148091.27,2,5
148140.96,4,5
148183.62,3,4
148195.04,3,0
148233.27,1,4
148239.02,4,3
148289.96,2,0
148299.36,5,4
148309.14,5,4
148342.67,1,2
148346.28,3,2
148357.8,2,5
148361.43,0,3
148397.98,1,3
148496.18,3,4
148504.72,0,2
148543.16,3,0
148567.79,1,2
148669.98,2,4
148755.14,5,3
148763.78,4,2
148808.06,4,3
148824.17,0,2
148853.67,3,5
148936.07,4,2
149056.64,3,4
149087.7,0,1
149104.67,3,2
149164.93,5,2
149189.73,1,4
149204.06,4,3
149234.67,5,1
149294.62,0,4
149354.59,0,2
149462.97,1,3
149570.06,4,2
149624.99,0,2
149744.69,3,5
149751.15,2,0
149821.56,4,2
149847.95,1,3
149859.57,0,4
149860.92,5,3
149884.91,5,3
149981.73,3,0
149982.27,0,2
150002.08,5,3
150035.24,0,1
150074.99,1,4
150082.54,2,1
150091.9,0,5
150097.19,2,0
150135.44,3,1
150139.48,0,3
150147.81,2,1
150160.02,0,5
150172.2,5,0
150262.75,4,0
150287.51,2,4
150290.2,0,1
150364.22,1,2
150387.69,1,2
150392.48,3,0
150619.31,2,1
150676.28,0,2
150835.68,0,2
150900.05,0,4
150935.97,2,3
150977.25,1,5
150988.86,4,3
151128.64,0,2
151140.66,2,3
151150.2,3,2
151150.8,1,4
151163.23,5,2
151215.71,2,0
151219.2,1,4
151237.14,4,3
151441.17,0,5
151519.5,4,1
151534.02,0,5
151553.62,5,3
151610.27,5,1
151630.44,5,2
151821.33,5,3
151824.82,0,5
151946.4,3,4
151982.18,5,1
152017.18,5,0
152030.41,4,0
152048.88,5,3
152119.67,4,0
152122.76,2,4
152140.35,1,4
152151.78,0,2
152280.25,4,3
152347.46,2,1
152363.75,5,0
152400.54,3,2
152469.97,1,3
152490.95,1,5
152493.73,5,1
152574.57,5,1
152621.4,3,5
152640.8,3,0
152644.14,3,0
152797.73,0,2
152936.98,1,0
152946.52,4,1
152960.0,0,4
153024.55,2,1
153088.5,1,4
153098.2,1,3
153115.0,3,1
153130.86,3,0
153281.67,2,4
153305.39,3,4
153332.86,4,3
153404.29,3,0
153476.05,3,0
153547.16,2,5
153585.69,4,1
153600.56,3,2
153630.78,3,5
153677.35,0,3
153684.7,3,1
153693.1,1,0
153693.75,4,2
153727.56,3,4
153903.72,2,4
153937.34,5,4
153941.03,0,1
153965.33,4,1
153976.12,3,2
154049.89,5,2
154085.51,3,2
154145.12,5,3
154275.66,5,1
154289.54,0,3
154339.38,5,0
154399.16,5,1
154414.3,3,1
154428.97,4,5
154580.57,1,0
154586.78,0,4
154612.12,4,0
154648.67,1,4
154657.74,3,2
154716.59,4,5
154770.31,3,5
154788.72,3,0
154794.5,4,2
154878.67,2,1
155011.64,3,2
155011.96,1,4
155012.04,0,4
155049.26,5,2
155115.29,1,2
155138.77,5,1
155149.8,1,5
155298.09,3,5
155382.29,1,2
155385.33,1,2
155400.34,3,4
155449.63,4,0
155551.01,1,0
155568.36,3,0
155584.56,2,0
155628.61,3,4
155684.47,0,1
155687.62,0,5
155765.47,0,1
155777.32,0,4
155823.51,2,4
155855.56,2,5
155883.62,2,3
156258.46,1,3
156313.15,3,5
156316.1,2,3
156398.16,0,4
156500.38,3,1
156501.68,0,5
156518.07,5,1
156541.05,4,3
156577.22,5,1
156577.38,5,2
156578.21,2,0
156752.88,5,2
156809.52,1,5
156842.66,5,4
156921.64,2,4
157061.56,3,0
157127.82,2,5
157138.67,1,5
157243.14,5,4
157244.75,3,0
157262.68,5,4
157480.68,3,1
157594.04,0,4
157648.37,1,2
157660.26,5,0
157665.83,5,0
157674.57,2,4
157747.25,1,3
157802.07,5,0
157856.83,4,3
157861.57,5,2
157964.33,4,5
157967.67,2,4
158088.16,5,3
158141.22,4,3
158223.85,1,3
158229.99,0,1
158234.66,5,4
158373.06,5,0
158415.59,1,3
158569.62,4,0
158588.23,4,5
158598.76,3,4
158618.02,2,1
158654.69,4,5
158667.25,3,0
158705.89,3,2
158713.71,2,1
158748.35,3,1
158794.34,1,0
158840.02,2,5
159071.98,0,3
159359.98,5,4
159392.51,1,4
159409.74,3,0
159608.28,2,1
159696.26,1,2
159756.53,0,2
159853.7,5,3
159871.47,5,1
160107.34,4,3
160127.92,5,3
160359.78,3,4
160363.51,5,2
160380.1,1,5
160405.12,1,3
160474.89,4,0
160569.68,5,2
160600.27,1,5
160607.66,5,3
160624.87,1,2
160637.17,5,1
160703.63,0,3
160768.35,4,0
160825.06,1,4
160975.25,3,1
161105.42,0,3
161288.21,1,0
161294.46,4,2
161339.45,1,4
161353.5,0,2
161378.76,2,5
161533.33,5,3
161608.1,5,0
161683.29,5,3
161699.39,5,3
161722.28,0,1
161726.59,3,5
161739.33,4,5
161957.83,3,2
162017.0,0,5
162026.99,3,4
162044.7,1,0
162064.37,5,4
162074.59,5,0
162099.62,4,5
162133.15,4,5
162171.86,5,0
162241.88,1,0
162251.85,4,1
162252.11,3,2
162258.68,1,5
162270.23,1,0
162311.56,0,1
162506.98,4,2
162529.58,4,1
162557.08,5,0
162571.35,0,5
162688.84,2,5
162718.28,4,3
162777.66,4,2
162824.26,4,1
162882.48,5,0
162896.01,1,2
162913.83,1,2
162959.91,1,5
162982.15,1,5
163009.56,4,2
163024.66,5,1
163050.21,0,3
163106.64,5,1
163145.02,0,3
163413.67,5,1
163476.34,4,5
163522.77,3,1
163541.79,3,4
163543.1,4,1
163547.14,0,5
163552.96,4,3
163556.37,5,0
163578.91,2,3
163586.82,1,3
163587.31,3,1
163611.11,0,1
163620.77,5,2
163665.21,3,0
163702.85,5,4
163803.12,4,2
163849.87,0,2
163869.01,3,1
163890.18,5,4
163930.29,3,4
163975.15,2,0
164033.18,5,1
164086.76,1,4
164128.68,2,0
164254.0,5,2
164315.46,1,5
164342.55,3,1
164371.45,2,4
164406.33,2,4
164443.09,5,1
164461.29,0,3
164487.38,2,0
164537.73,0,2
164682.63,1,5
164685.59,5,2
164725.98,3,0
164889.7,3,5
165024.44,1,4
165058.88,5,4
165118.73,3,0
165166.62,5,0
165229.24,5,4
165298.48,1,5
165356.1,0,5
165385.87,1,5
165502.93,1,0
165525.8,1,5
165547.59,0,4
165581.8,1,3
165756.68,2,1
165845.79,0,3
165863.56,2,3
165875.54,5,4
165900.56,2,5
165987.91,0,4
166099.42,3,0
166121.41,4,3
166141.32,2,0
166141.58,5,1
166167.3,0,1
166195.47,1,0
166233.13,1,4
166239.74,3,0
166248.2,5,2
166261.01,3,2
166278.79,3,1
166317.23,2,0
166544.43,5,3
166553.26,2,4
166553.55,5,1
166559.42,2,0
166566.59,3,2
166682.22,1,2
166830.41,5,2
166836.73,3,5
166870.95,5,1
166890.59,3,5
166955.32,5,3
166962.37,0,1
166969.11,2,5
166969.8,5,1
166972.47,2,4
167159.87,5,0
167188.36,2,3
167221.63,3,1
167269.7,5,4
167280.04,2,0
167379.86,5,1
167434.74,3,1
167466.85,0,5
167514.07,1,5
167563.64,1,2
167570.05,3,0
167586.06,1,2
167613.84,4,1
167618.6,0,4
167644.76,2,1
167657.29,3,4
167660.46,3,0
167678.6,2,3
167695.07,2,4
167709.25,0,2
167711.34,0,3
167723.25,3,2
167842.81,0,4
167853.03,3,2
167873.37,0,1
167928.64,5,4
168002.23,1,3
168024.59,2,5
168062.22,2,1
168114.74,1,5
168138.97,0,2
168188.63,4,0
168190.72,5,1
168201.44,3,0
168205.33,4,5
168226.33,5,3
168454.84,1,5
168518.63,0,2
168529.27,4,2
168640.36,4,2
168753.01,3,0
168873.88,0,4
168901.03,4,0
168910.16,2,1
168927.26,4,0
169006.35,5,1
169073.84,3,4
169131.55,4,0
169140.6,4,3
169181.93,3,4
169228.66,1,2
169228.84,4,1
169273.68,0,5
169304.06,5,4
169319.04,1,3
169380.63,4,0
169390.02,0,5
169403.62,0,2
169546.03,2,1
169561.79,0,2
169789.79,1,5
169795.96,5,2
169846.04,2,3
169850.38,5,4
169865.71,1,4
169980.02,2,3
170190.88,5,0
170277.72,1,3
170287.45,0,5
170341.0,4,0
170405.11,5,3
170550.73,2,5
170590.75,3,1
170610.35,1,5
170660.04,3,1
170689.57,5,3
170712.57,3,0
170746.82,3,1
170831.35,1,2
170873.51,5,1
170925.66,0,3
170934.55,1,4
170992.68,1,0
171000.43,3,1
171030.78,5,3
171036.06,4,1
171100.93,0,5
171106.19,3,0
171112.02,0,1
171119.1,0,3
171126.8,5,4
171127.48,0,1
171166.56,2,0
171177.87,3,5
171289.33,1,3
171309.48,1,2
171312.36,5,2
171361.73,0,1
171448.86,0,5
171466.46,4,3
171474.11,1,0
171486.96,3,1
171508.75,2,1
171636.11,5,3
171694.15,5,0
171728.0,0,2
171733.36,2,3
171737.33,2,0
171759.68,0,1
171806.06,1,4
171843.86,4,1
171900.75,1,3
171949.76,2,3
172053.89,2,4
172108.09,2,0
172185.85,1,2
172205.15,3,4
172269.04,3,0
172275.04,3,2
172282.86,2,1
172292.89,3,2
172312.13,3,4
172371.24,3,5
172450.11,2,1
172531.12,5,1
172555.28,4,3
172593.97,3,5
172632.39,1,4
172636.75,5,3
172674.18,5,1
172734.9,1,3
172735.04,0,3
172775.91,1,0
172778.98,2,3
172873.42,1,3
172904.26,4,3
172918.15,1,0
172986.87,0,2
173010.57,0,4
173033.8,5,0
173088.15,0,4
173178.98,1,0
173186.93,1,0
173200.98,0,5
173289.89,3,1
173362.39,3,1
173431.33,5,2
173463.09,5,2
173492.44,5,0
173509.33,1,0
173615.83,0,5
173685.37,4,1
173685.92,3,4
173726.31,2,5
173761.15,5,1
173788.71,1,3
173969.53,4,3
174160.2,1,2
174185.77,0,2
174210.68,5,4
174257.13,0,4
174289.58,5,3
174377.38,1,0
174458.69,5,3
174469.52,0,1
174473.57,4,2
174474.99,2,1
174513.99,0,2
174559.44,2,1
174599.56,5,0
174613.3,0,5
174654.9,4,3
174657.24,2,0
174800.92,0,3
174870.57,3,5
174881.41,3,2
175063.61,5,0
175083.73,5,4
175089.05,1,0
175133.29,3,4
175177.43,0,3
175186.22,5,3
175190.32,5,0
175343.01,1,2
175425.38,5,1
175498.61,1,5
175534.93,5,4
175587.62,2,4
175664.56,2,3
175686.89,3,0
175797.57,5,3
175811.23,4,5
175815.13,1,5
175864.54,3,0
175946.21,1,3
175985.82,0,4
175990.76,2,1
176126.71,1,0
176143.14,2,3
176147.82,1,4
176162.73,3,2
176234.75,3,1
176375.28,4,3
176377.3,2,4
176403.6,4,1
176432.66,4,5
176584.54,2,0
176641.85,4,3
176657.1,5,0
176705.56,5,0
176773.11,1,5
176773.51,0,3
176797.08,4,3
176893.23,1,4
176996.86,5,0
177018.32,3,5
177133.51,3,0
177138.0,5,0
177262.73,3,4
177273.85,2,0
177292.93,4,3
177304.89,5,3
177310.96,3,0
177350.34,3,1
177401.45,2,5
177403.04,4,3
177406.26,2,4
177598.39,1,0
177610.27,0,4
177626.0,5,1
177630.36,0,3
177656.33,2,4
177758.84,4,1
177814.22,2,1
177902.98,0,4
177923.9,2,1
177934.97,3,4
177967.24,5,1
178135.71,3,2
178257.57,4,3
178344.16,4,5
178355.22,5,4
178403.15,2,3
178403.86,3,1
178438.46,2,0
178516.98,5,3
178532.22,5,0
178754.37,1,4
178805.3,4,0
178807.16,5,1
178834.41,4,1
178880.34,1,3
178892.11,1,5
179047.29,2,3
179048.1,2,5
179133.58,0,4
179185.91,3,4
179212.33,2,5
179240.07,2,0
179370.49,3,4
179393.84,4,5
179402.72,3,4
179419.49,5,3
179469.77,5,4
179608.72,0,1
179690.7,0,1
179743.13,4,3
179748.61,5,4
179879.63,0,4
179914.62,0,3
180010.05,1,2
180085.05,4,3
180091.13,3,0
180112.72,3,4
180232.01,5,3
180232.4,2,1
180267.82,2,3
180286.18,3,1
180286.39,3,0
180287.17,1,3
180379.04,4,5
180398.14,1,5
180645.03,1,5
180826.54,1,5
180878.24,0,5
180906.27,5,3
181095.66,1,4
181212.92,4,1
181241.68,0,2
181276.76,5,4
181353.45,5,2
181444.26,1,3
181455.65,0,1
181484.41,5,4
181492.72,4,5
181619.38,0,5
181643.47,5,1
181848.43,5,2
181858.76,5,1
181876.37,4,1
181941.16,3,2
181994.99,2,0
182131.64,5,0
182182.5,4,0
182188.38,4,0
182194.04,2,3
182306.54,0,1
182340.63,2,1
182365.41,3,0
182392.11,3,0
182403.91,3,4
182514.15,5,3
182596.8,1,3
182597.31,1,5
182647.19,0,1
182833.5,2,4
183097.58,4,5
183097.83,4,2
183228.41,1,5
183229.91,0,5
183265.76,1,2
183366.58,0,2
183368.08,1,2
183372.44,5,1
183388.01,3,1
183541.13,2,5
183593.9,3,4
183622.54,3,1
183636.93,1,3
183800.27,0,5
183879.06,4,2
183888.11,1,4
183916.53,3,4
183961.88,2,3
184010.65,4,3
184038.69,4,2
184062.11,5,0
184091.95,0,5
184106.54,3,2
184152.84,5,4
184174.55,0,1
184184.47,2,4
184262.71,2,1
184266.48,5,2
184289.74,2,0
184290.23,5,0
184353.31,1,4
184395.21,2,1
184436.45,3,2
184482.49,4,1
184487.92,2,5
184634.11,5,0
184676.77,5,3
184734.07,3,2
184818.01,1,2
184820.56,3,4
184822.96,2,4
184829.31,3,1
184875.3,4,3
184888.79,0,3
184889.69,4,0
185011.0,2,1
185103.15,3,0
185216.24,4,0
185236.81,0,1
185268.55,3,2
185284.6,2,4
185288.76,2,4
185336.14,3,2
185395.75,3,4
185490.17,0,3
185628.96,0,1
185641.64,0,2
185647.19,2,4
185660.03,0,2
185724.41,2,5
185952.54,5,0
185967.58,0,1
185970.04,2,0
185985.34,5,4
186063.77,3,2
186123.74,1,5
186154.62,1,3
186253.6,4,3
186304.26,5,0
186341.14,1,5
186373.64,3,2
186393.06,5,3
186405.86,2,3
186467.99,2,5
186558.25,1,2
186617.61,0,4
186620.72,0,2
186652.29,3,1
186685.73,2,1
186769.83,4,5
186867.59,2,4
186920.84,4,0
187043.58,1,3
187067.93,3,5
187103.96,3,1
187107.51,3,1
187165.47,4,0
187173.44,0,1
187187.2,3,1
187202.71,3,5
187232.84,2,0
187363.66,0,3
187391.9,1,4
187426.77,4,2
187429.5,2,3
187434.65,5,3
187500.49,3,1
187517.9,3,1
187562.97,4,5
187597.0,3,0
187654.15,5,1
187813.82,1,0
187816.55,0,5
187832.03,0,5
187837.35,1,5
187897.47,3,4
187922.42,1,3
187956.6,1,2
187977.96,2,5
187994.94,0,1
188005.17,5,4
188037.56,2,1
188046.89,5,0
188056.0,2,4
188063.65,0,4
188091.58,0,2
188274.78,0,2
188331.62,0,5
188353.33,3,5
188353.38,1,4
188359.17,0,5
188416.15,2,1
188453.4,1,2
188528.04,0,3
188609.49,2,4
188643.23,2,5
188658.1,3,2
188680.75,0,3
188698.67,2,5
188773.15,4,3
188779.13,5,4
188844.26,0,2
189036.57,1,2
189058.67,0,2
189101.75,5,3
189124.02,5,0
189134.8,3,0
189303.07,5,4
189417.81,3,5
189427.43,5,2
189536.89,3,5
189563.89,2,3
189574.46,4,5
189634.97,4,0
189663.38,3,5
189835.72,2,3
189841.56,0,4
189972.58,1,4
190029.7,4,2
190078.58,5,1
190096.67,2,0
190177.09,0,4
190179.18,2,5
190185.77,3,2
190186.02,2,0
190188.58,1,3
190294.07,4,5
190302.49,0,3
190310.19,5,1
190338.47,0,3
190350.82,3,2
190365.12,5,3
190392.58,0,3
190518.99,4,2
190528.5,3,2
190610.08,1,2
190624.47,3,5
190635.59,2,0
190653.24,5,3
190692.7,3,4
190697.75,4,3
190756.98,4,2
190788.57,3,4
190815.85,3,4
190817.26,4,0
190975.16,3,0
191045.66,4,2
191122.9,4,5
191146.24,4,5
191261.33,2,0
191331.72,3,1
191357.51,0,4
191439.89,4,3
191531.27,0,1
191547.02,5,0
191567.3,0,3
191608.97,5,2
191708.84,0,5
191764.95,5,0
191825.41,4,1
191866.69,3,1
191879.34,5,1
191897.24,2,0
191979.14,4,1
191985.23,0,2
192031.52,0,5
192036.61,1,0
192068.71,4,3
192093.48,0,3
192119.41,1,2
192211.58,4,2
192297.79,5,3
192395.85,4,0
192424.16,5,0
192434.38,5,1
192443.74,5,4
192454.92,3,2
192472.01,0,5
192505.96,5,2
192530.78,5,0
192561.95,3,1
192563.37,3,0
192604.9,0,5
192622.93,5,4
192652.33,2,1
192683.87,5,3
192700.08,1,3
192734.81,4,1
192756.26,5,4
192781.02,0,2
192834.36,2,5
192855.09,5,1
192871.4,5,2
192999.91,0,4
193023.53,3,5
193077.32,4,5
193151.99,4,2
193158.92,2,5
193314.19,2,5
193362.24,3,0
193364.54,5,1
193377.72,5,0
193412.32,5,3
193431.87,1,2
193437.44,1,4
193507.93,3,0
193511.13,2,0
193513.03,5,0
193542.16,2,5
193592.05,0,2
193611.42,5,3
193635.13,5,4
193675.78,1,3
193709.55,5,2
193722.33,5,1
193750.79,4,1
193755.29,0,1
193766.67,1,0
193788.95,3,5
193828.5,0,3
193838.74,5,4
193873.02,1,5
193960.91,4,2
193982.95,4,1
194063.82,3,4
194112.93,0,5
194117.0,4,2
194122.31,3,1
194124.96,4,2
194126.1,2,3
194150.85,2,0
194253.81,1,3
194257.69,4,1
194353.62,4,5
194372.34,4,0
194411.82,0,5
194443.65,2,0
194445.29,3,2
194456.48,0,2
194467.91,5,2
194596.87,5,0
194610.31,0,5
194727.64,5,0
194748.87,0,4
194794.45,4,0
194903.7,3,1
194919.47,0,1
194921.28,4,1
194973.82,3,4
194991.9,1,0
195125.76,0,2
195163.96,3,0
195204.16,0,4
195276.71,5,1
195304.8,3,5
195312.21,3,0
195425.93,2,3
195436.69,3,0
195450.29,0,5
195450.8,3,5
195492.77,0,2
195576.5,0,1
195583.28,1,3
195585.51,2,5
195638.75,1,3
195645.7,3,4
195699.29,5,0
195703.26,4,1
195737.41,5,2
195851.37,1,4
195913.81,2,5
195931.13,5,1
195968.54,2,3
196028.37,4,0
196031.15,3,5
196064.44,0,2
196185.99,4,1
196204.18,4,1
196210.73,5,1
196212.55,1,4
196265.03,3,0
196266.11,0,3
196282.39,3,2
196370.17,0,1
196386.53,4,3
196420.72,3,4
196450.08,1,2
196473.92,5,3
196511.94,5,2
196513.53,2,0
196633.96,2,3
196717.06,4,1
196787.84,2,5
196816.31,3,0
196898.67,4,3
197050.99,5,2
197148.77,4,3
197176.34,5,4
197249.6,2,1
197410.93,3,1
197418.0,0,3
197498.37,2,0
197834.9,4,2
197855.49,3,0
197903.28,2,3
197957.11,5,4
197957.73,2,5
198011.79,2,1
198041.12,0,4
198041.56,0,3
198074.28,4,1
198100.54,4,0
198116.72,4,5
198135.57,0,4
198145.48,2,3
198247.13,1,2
198296.89,1,5
198350.24,1,0
198403.39,1,5
198501.9,4,2
198504.05,5,1
198507.18,5,2
198692.19,0,3
198731.07,0,5
198744.44,0,1
198779.8,0,5
198783.83,1,3
198826.07,5,3
198829.77,3,2
198837.49,2,5
198915.09,2,4
199028.93,2,4
199171.71,2,5
199173.3,2,0
199190.48,1,5
199191.78,4,1
199274.3,4,5
199350.8,5,2
199491.42,3,5
199493.08,5,1
199517.07,5,0
199672.32,1,5
199707.33,4,5
199773.53,4,0
199867.59,4,0
199914.3,5,4
199951.04,2,3
199961.88,4,2
200082.88,2,1
200163.1,2,1
200193.53,5,0
200252.58,3,4
200275.05,2,5
200310.27,2,4
200356.74,3,4
200369.79,1,5
200383.84,3,5
200438.66,4,2
200518.11,2,3
200524.38,3,4
200559.54,1,5
200593.62,1,2
200698.16,0,2
200704.6,2,5
200766.73,3,0
200773.49,0,4
200774.7,1,0
200781.8,4,3
200899.11,2,1
200924.84,4,1
200987.08,0,3
201100.94,2,5
201147.86,0,1
201151.69,2,4
201272.46,5,3
201339.95,3,2
201410.82,5,1
201476.93,5,4
201600.98,4,0
201609.24,0,5
201654.19,5,3
201678.04,3,1
201713.57,4,2
201858.38,0,2
201876.03,2,0
201917.55,4,5
201953.04,3,2
201972.53,2,1
202125.96,0,2
202154.11,2,5
202259.95,2,0
202281.28,1,0
202298.26,3,4
202310.91,1,3
202450.93,2,5
202520.94,1,3
202528.54,1,5
202619.79,1,0
202665.41,0,5
202704.01,1,0
202737.51,0,3
202748.87,4,3
202814.72,4,1
202903.63,2,0
202966.61,0,4
203076.47,3,2
203081.01,1,3
203146.78,0,3
203228.17,5,1
203293.15,2,1
203328.52,2,4
203378.32,4,0
203439.66,2,0
203468.07,5,4
203487.17,4,0
203636.14,5,0
203650.26,4,3
203753.09,1,2
203768.5,1,4
203852.57,5,3
203869.17,1,0
204019.8,5,1
204019.96,0,4
204060.75,1,2
204062.73,5,2
204110.25,5,4
204123.62,2,4
204161.42,1,3
204253.27,2,4
204286.96,5,3
204332.5,4,3
204350.01,1,0
204514.74,2,4
204689.02,2,1
204743.32,0,2
204774.56,2,0
204795.92,3,1
204870.21,3,4
204916.16,5,1
204917.63,2,5
204929.74,3,0
204971.04,2,3
205027.24,3,4
205110.02,3,4
205125.12,0,3
205158.35,1,3
205208.92,0,3
205238.59,1,5
205342.82,4,1
205418.42,0,5
205465.6,1,5
205504.4,5,0
205585.48,0,3
205707.13,4,0
205760.33,4,1
205782.81,1,2
205873.86,3,1
205891.0,1,3
205911.13,1,5
205977.22,0,1
206070.59,4,0
206105.4,3,0
206113.94,2,0
206127.01,5,1
206128.73,5,0
206212.56,3,4
206219.59,5,2
206318.61,0,1
206353.72,5,3
206354.74,5,4
206401.16,1,0
206467.73,3,1
206556.76,2,3
206584.44,5,0
206602.43,3,1
206607.68,5,4
206639.56,2,4
206644.44,3,5
206660.77,2,5
206696.09,3,0
206945.29,5,3
207096.56,4,0
207126.66,4,0
207151.98,1,4
207175.07,4,0
207226.54,2,1
207309.49,0,1
207350.64,1,4
207395.64,0,2
207421.45,3,5
207485.64,4,1
207488.68,3,2
207515.22,5,2
207605.1,0,3
207663.5,4,3
207766.07,2,1
207836.4,3,5
207871.04,5,1
207890.46,5,3
207926.58,5,0
208053.64,3,0
208077.19,0,2
208113.89,0,2
208124.88,0,1
208233.24,3,1
208282.44,4,3
208289.97,4,3
208315.46,2,0
208344.05,2,3
208381.01,4,2
208422.49,1,2
208439.63,5,1
208520.81,5,2
208557.44,2,4
208588.52,2,1
208597.49,5,3
208597.99,3,1
208606.13,0,1
208624.82,1,2
208684.03,4,3
208704.14,0,5
208735.76,1,0
208757.33,4,1
208778.48,0,2
208794.53,3,5
208859.87,2,5
208932.71,2,5
208971.65,5,1
208975.68,1,0
209041.27,2,1
209056.52,0,2
209136.22,4,3
209156.26,4,5
209172.49,5,4
209227.69,3,1
209236.9,1,2
209241.69,4,1
209249.42,3,0
209268.95,0,2
209304.79,3,4
209359.45,2,3
209394.14,0,2
209435.21,3,4
209496.46,2,3
209587.67,2,5
209591.74,4,1
209747.2,5,2
209809.32,3,5
209838.46,5,2
209896.28,4,3
209949.07,1,0
210049.62,3,2
210114.81,1,5
210155.83,1,4
210179.27,5,0
210190.17,2,5
210201.0,4,2
210220.91,2,3
210255.85,0,5
210271.79,5,2
210323.11,3,0
210596.01,5,2
210612.03,0,5
210698.7,5,3
210993.18,5,3
211026.87,3,5
211109.24,0,3
211110.7,5,1
211171.85,1,2
211176.17,0,1
211205.47,5,0
211224.33,4,2
211429.25,1,5
211496.12,2,3
211610.13,1,5
211674.16,2,5
211674.88,5,3
211701.8,5,0
211705.16,4,1
211770.43,0,2
211799.73,2,5
211810.8,4,3
211820.3,5,0
211838.94,4,2
211845.2,3,5
211935.63,0,5
212068.78,0,1
212193.84,1,0
212204.11,4,0
212276.89,0,2
212327.69,3,0
212432.54,1,3
212523.34,5,1
212592.14,5,1
212610.73,3,2
212620.53,1,5
212639.48,1,2
212655.41,1,2
212849.24,2,4
212864.6,3,2
212907.82,2,5
212937.69,5,1
212939.56,4,3
212948.02,4,1
213201.82,3,2
213253.75,5,2
213265.37,5,4
213305.48,5,2
213310.23,1,3
213322.55,2,0
213450.05,4,1
213482.28,3,5
213501.79,4,3
213555.48,0,3
213615.89,5,2
213717.65,0,2
213745.0,2,3
213797.19,0,2
213919.37,2,1
213950.82,1,0
213979.72,4,3
214024.74,5,3
214090.38,3,1
214104.94,2,5
214125.55,5,3
214143.4,1,5
214149.11,3,2
214303.04,3,5
214304.49,4,1
214432.27,4,5
214443.33,4,1
214450.29,2,0
214626.16,2,1
214707.01,3,4
214716.04,0,2
214727.23,1,3
214745.6,1,2
214843.11,3,0
214907.51,1,5
215000.94,2,0
215033.38,2,0
215065.2,5,3
215125.19,3,4
215214.19,5,1
215286.19,0,4
215293.06,1,4
215367.26,2,4
215412.7,4,0
215433.99,5,4
215435.36,4,1
215508.37,2,3
215529.14,0,5
215574.85,3,0
215626.71,1,4
215637.12,1,3
215665.71,2,4
215718.78,3,1
215735.55,3,4
215737.32,3,1
215746.25,5,4
215836.11,3,0
215857.36,5,0
215910.7,3,0
215919.47,1,5
215954.83,5,3
215955.41,5,3
215982.86,0,3
216010.53,5,0
216056.8,3,5
216080.13,3,2
216173.08,2,0
216250.05,3,5
216321.32,5,0
216329.47,2,5
216344.38,4,5
216409.41,3,4
216411.9,2,0
216418.38,3,4
216441.25,4,2
216455.79,2,3
216528.59,0,5
216544.14,2,3
216571.12,3,2
216588.79,0,5
216594.71,5,0
216632.6,3,1
216642.23,4,0
216648.96,1,4
216677.17,2,3
216855.68,5,4
216869.67,5,4
216911.77,0,1
216931.54,0,2
216978.53,5,0
217002.59,5,0
217023.2,5,2
217050.65,0,2
217200.8,2,0
217291.45,3,0
217370.36,4,2
217634.47,4,5
217673.2,1,0
217696.64,3,1
217768.15,3,2
217836.84,1,3
217871.65,0,5
217897.08,1,3
217913.0,3,1
217913.95,3,1
217930.01,3,5
218008.11,5,2
218013.22,1,0
218074.94,1,0
218122.2,5,4
218209.91,4,3
218260.28,2,5
218284.91,4,0
218305.91,2,3
218392.39,1,4
218488.72,3,1
218526.71,1,4
218541.47,0,5
218713.14,5,3
218754.34,2,0
218765.97,4,2
218784.1,2,4
218840.22,0,2
218889.24,1,5
218910.9,3,4
219184.85,0,3
219225.49,3,1
219249.01,4,1
219272.79,0,1
219297.98,1,0
219340.26,1,2
219413.07,5,3
219453.01,2,1
219480.09,4,2
219499.32,2,0
219553.89,5,2
219588.78,4,3
219601.53,3,4
219672.23,2,4
219680.77,1,4
219697.78,4,2
219769.75,5,1
219827.25,0,4
219870.64,3,4
219897.05,5,0
219945.28,1,5
219993.65,0,5
220035.92,3,0
220055.57,1,2
220097.69,3,0
220249.36,0,5
220356.85,5,3
220397.01,1,2
220427.61,5,1
220437.24,5,1
220456.73,2,0
220569.15,1,5
220600.07,1,5
220629.39,1,2
220809.63,4,0
220891.03,2,1
220905.07,5,0
220905.42,0,4
221006.31,3,4
221009.96,3,2
221117.39,4,0
221180.29,4,5
221243.02,3,4
221330.96,0,3
221414.43,5,0
221437.01,5,4
221486.63,3,4
221564.05,0,2
221657.94,4,0
221721.94,2,4
221775.38,1,2
221854.75,1,3
221859.86,5,0
221890.51,5,3
221960.32,2,3
221977.82,3,2
222055.23,5,2
222097.23,4,0
222168.86,1,5
222185.87,1,3
222227.32,5,2
222245.64,5,1
222287.56,2,4
222349.99,5,2
222358.38,5,1
222366.3,2,4
222381.17,1,0
222476.34,4,2
222484.37,0,3
222507.01,4,5
222533.04,4,1
222712.54,5,1
222756.77,4,2
222793.82,3,4
222846.08,4,3
222855.72,3,0
222910.96,0,3
222923.7,1,2
222931.83,4,0
222984.32,2,4
223015.07,5,0
223106.69,4,1
223174.31,2,0
223199.72,0,3
223235.13,2,5
223398.19,5,4
223501.21,0,4
223543.03,1,2
223557.82,5,1
223616.33,5,1
223629.29,5,3
223639.06,4,2
223679.2,0,2
223745.29,0,2
223782.26,0,2
223795.17,4,5
223827.6,0,5
223934.31,0,3
224012.34,0,2
224044.87,3,0
224077.19,0,5
224121.7,4,3
224139.53,0,5
224167.61,0,4
224242.73,1,5
224324.66,4,3
224567.59,2,4
224613.57,3,1
224633.49,3,5
224650.18,5,2
224665.52,4,1
224686.38,5,4
224721.35,5,3
224727.26,1,4
224727.58,4,3
224761.82,1,0
224833.27,5,2
224838.24,3,2
224889.02,4,1
224899.78,0,2
224911.77,4,2
224931.06,4,3
224936.49,2,5
224948.29,5,1
224967.85,1,4
225044.9,1,5
225099.22,2,5
225297.8,5,4
225375.53,5,2
225388.52,2,4
225524.67,2,3
225532.5,2,3
225620.88,2,4
225639.29,4,3
225711.21,0,4
225714.05,3,2
225765.94,1,4
225838.79,0,2
225850.49,5,2
225867.95,2,0
225887.37,3,2
225928.2,5,1
226008.05,4,5
226037.05,2,0
226040.91,1,3
226105.07,5,4
226136.8,0,4
226195.01,5,3
226209.38,4,5
226232.89,0,1
226283.92,2,5
226306.97,2,0
226338.89,5,0
226358.51,5,3
226445.46,1,5
226463.22,1,5
226467.82,1,3
226510.34,5,2
226551.01,2,0
226558.58,0,3
226716.14,2,4
226784.91,1,2
226804.29,1,4
226826.78,1,3
226841.52,5,0
226849.08,5,3
226876.95,3,0
226966.04,0,5
226989.42,4,3
227261.35,4,2
227339.41,3,2
227382.18,5,0
227448.47,4,0
227631.39,0,5
227640.0,4,0
227682.66,3,5
227735.18,1,0
227808.04,3,2
227839.38,5,1
227891.93,0,2
227944.12,2,4
227981.63,5,3
228091.72,3,5
228109.11,4,3
228110.06,1,3
228137.92,2,1
228181.82,2,5
228212.42,5,1
228285.89,4,2
228397.75,5,4
228406.03,1,2
228424.47,0,1
228462.59,0,2
228501.42,0,3
228603.65,1,2
228614.91,1,4
228850.46,1,2
228924.45,0,2
229029.49,3,0
229119.33,3,0
229148.67,5,1
229172.61,3,4
229198.08,1,4
229242.69,0,1
229416.77,4,5
229481.23,0,2
229551.89,0,4
229619.36,2,3
229646.18,1,0
229726.6,2,4
229741.34,0,4
229742.15,3,4
229767.72,0,3
229790.07,2,0
229818.54,5,2
229831.56,5,0
229884.12,3,4
229884.92,2,3
229887.24,1,2
229928.81,1,5
229937.27,5,3
230009.11,0,5
230090.18,5,2
230113.42,3,1
230140.59,1,5
230308.64,5,1
230331.35,0,2
230332.87,1,3
230358.72,2,3
230407.35,0,1
230427.49,3,0
230493.89,1,4
230496.27,3,5
230560.37,1,2
230565.64,2,1
230570.47,0,1
230743.73,3,4
230840.67,4,3
230847.89,4,0
230866.55,3,2
230873.41,5,4
230896.16,4,0
230928.65,5,4
230939.57,1,5
230946.52,1,2
231000.35,5,0
231063.51,2,5
231069.07,1,3
231079.27,5,2
231099.2,3,5
231135.89,4,2
231207.22,1,3
231234.63,5,1
231277.93,0,4
231327.9,1,2
231328.62,5,0
231418.82,1,2
231444.1,0,5
231476.87,2,1
231526.41,4,3
231556.49,1,4
231605.04,4,3
231611.31,2,5
231740.09,2,1
231754.82,3,5
231785.29,0,3
231857.34,2,0
231933.49,3,0
232100.76,1,0
232113.64,3,0
232120.05,5,2
232126.8,2,3
232156.92,4,0
232326.42,4,1
232351.76,4,1
232359.4,5,1
232434.19,1,3
232471.47,1,5
232569.75,4,0
232650.29,2,5
232663.38,4,1
232686.84,0,2
232737.22,4,1
232829.87,5,1
232868.79,4,3
232966.49,2,0
233126.27,3,2
233150.96,4,3
233263.06,3,2
233270.38,2,0
233274.27,5,4
233329.42,1,5
233374.48,0,1
233444.84,1,2
233477.63,1,2
233502.45,1,4
233527.24,1,2
233617.13,0,2
233782.46,2,1
233894.04,0,5
234038.46,1,2
234067.75,5,2
234139.23,0,1
234176.0,4,0
234249.84,4,3
234263.05,3,2
234349.42,4,5
234379.71,0,3
234483.77,0,4
234574.78,2,0
234624.07,3,5
234633.29,5,3
234704.33,1,5
234709.77,5,4
234870.38,2,1
234972.15,5,3
235062.76,3,4
235065.67,0,3
235158.03,5,2
235275.59,5,4
235295.52,5,2
235499.51,0,1
235504.84,3,1
235548.91,1,5
235577.34,2,0
235873.12,5,3
235914.24,4,3
235960.89,5,3
235963.04,0,5
236054.11,5,0
236096.97,0,2
236119.34,5,4
236146.73,3,0
236168.07,3,4
236210.65,4,0
236351.49,5,3
236406.78,0,2
236448.62,0,3
236453.83,3,0
236519.12,2,3
236604.41,2,3
236786.09,1,3
236815.62,0,3
236846.26,5,2
236919.44,1,2
236960.32,4,2
237027.81,2,1
237120.94,0,3
237142.61,4,1
237161.64,2,0
237284.41,0,4
237303.18,3,1
237373.82,1,3
237470.71,3,2
237491.26,3,2
237561.54,1,3
237562.34,1,5
237580.93,4,5
237598.5,4,5
237608.29,4,0
237619.36,0,5
237742.44,5,3
237838.04,1,3
237876.09,3,1
238003.17,0,3
238050.69,0,3
238424.97,3,0
238439.08,1,3
238440.42,1,2
238454.49,1,4
238506.69,1,2
238507.31,1,0
238604.74,3,4
238631.51,4,5
238642.18,1,5
238685.66,5,4
238795.4,3,2
238856.73,2,3
238884.96,2,1
238904.25,2,0
239062.86,1,3
239161.15,5,1
239240.52,4,1
239245.6,4,3
239283.93,0,5
239296.85,2,5
239382.89,1,4
239398.57,0,4
239446.79,3,5
239475.44,1,0
239516.49,4,0
239629.58,3,1
239632.88,2,0
239787.64,2,5
239802.15,5,0
239864.68,3,4
239925.58,1,4
239937.7,3,2
239976.35,5,2
239996.41,4,5
240142.6,1,5
240338.65,4,2
240437.94,4,0
240500.2,2,5
240506.58,0,5
240509.86,3,1
240575.81,1,5
240650.11,1,2
240651.6,3,0
240671.76,0,4
240714.43,5,3
240796.14,3,4
240803.6,2,1
240808.64,2,1
240870.06,2,4
240874.82,2,4
240886.01,2,0
240906.77,0,5
240921.67,4,0
241122.57,0,3
241127.59,0,5
241128.22,2,4
241146.5,4,5
241169.99,0,2
241180.43,4,3
241190.46,1,3
241195.56,5,1
241241.34,4,1
241352.36,5,1
241387.76,3,0
241436.41,4,0
241518.72,2,3
241524.42,5,1
241569.01,1,0
241603.44,4,1
241899.95,2,4
242031.92,4,3
242108.56,0,5
242111.95,1,3
242119.57,3,1
242198.57,0,3
242201.6,3,5
242206.8,4,0
242261.26,2,5
242302.65,5,4
242339.52,4,1
242356.12,1,4
242428.22,2,4
242454.11,3,0
242487.83,3,0
242507.22,3,5
242531.84,3,2
242605.51,5,0
242643.0,0,2
242789.66,2,5
242858.55,4,5
242868.07,2,0
242906.28,0,3
242930.58,2,5
242933.27,5,3
243000.34,4,1
243035.88,5,0
243156.65,0,4
243306.4,1,3
243310.19,1,4
243321.77,5,4
243322.55,3,1
243437.84,0,3
243438.08,1,3
243646.11,3,1
243669.36,3,0
243677.83,4,1
243726.44,2,4
243783.48,5,2
243794.94,5,2
243821.25,0,4
243907.99,3,2
244000.45,1,4
244015.06,0,4
244017.2,3,1
244071.58,1,0
244122.33,0,2
244238.58,3,0
244248.71,2,1
244392.38,2,4
244409.14,2,3
244505.87,2,0
244577.43,3,1
244727.43,4,3
244738.64,4,0
244770.28,0,1
244783.26,3,1
244787.63,5,0
244801.46,4,2
244830.29,1,4
244875.73,0,5
244948.52,1,2
245013.05,0,5
245013.77,1,3
245111.89,2,1
245133.44,1,0
245158.26,1,3
245193.48,1,2
245242.82,2,4
245244.1,3,0
245336.81,4,5
245353.78,1,2
245393.39,2,0
245399.29,0,4
245435.79,0,5
245499.52,5,2
245522.65,1,0
245580.3,0,4
245580.47,0,4
245653.67,0,2
245725.49,0,5
245764.92,0,4
245903.32,5,3
245919.92,4,3
245949.78,5,1
246007.2,4,2
246028.37,5,3
246060.98,1,4
246099.43,2,1
246107.22,5,1
246272.12,3,2
246378.95,2,0
246407.21,2,1
246409.38,3,5
246504.8,3,1
246596.47,2,1
246738.74,3,4
246769.6,3,4
246921.82,3,2
246942.43,5,3
246949.57,4,1
246963.69,5,1
247005.7,5,4
247028.28,3,5
247127.47,3,2
247179.11,1,4
247186.73,0,5
247239.54,2,5
247266.1,1,2
247286.7,1,4
247425.03,3,1
247568.44,0,2
247592.82,5,1
247608.79,5,4
247682.11,5,3
247724.9,1,2
247751.39,3,1
247852.65,1,4
247871.65,4,5
247938.11,0,1
248015.43,0,1
248015.86,0,3
248111.59,2,3
248122.94,1,2
248141.32,0,3
248190.12,2,5
248307.56,3,4
248328.23,1,3
248346.3,4,1
248461.84,1,2
248488.66,4,5
248515.02,4,5
248564.55,5,2
248623.1,1,0
248677.62,1,4
248682.72,0,2
248788.83,3,4
248821.23,0,5
248879.49,2,4
248923.45,1,4
249035.66,3,5
249056.72,2,0
249165.52,0,2
249172.77,2,4
249297.07,0,2
249460.02,2,3
249522.16,0,3
249568.33,3,0
249616.95,4,3
249856.54,2,3
249867.2,2,5
249984.51,0,4
250003.69,1,0
250056.1,5,2
250071.36,3,2
250073.43,5,3
250127.28,2,5
250128.88,4,0
250195.21,0,3
250219.17,3,4
250243.75,5,2
250303.43,2,3
250384.69,3,4
250446.12,1,3
250509.61,4,1
250543.16,2,0
250665.46,5,0
250747.32,2,5
250860.4,0,2
250942.46,0,2
250946.32,2,0
250954.68,1,0
251054.33,0,1
251121.01,2,5
251124.66,4,3
251174.51,2,0
251221.92,0,2
251233.05,5,0
251243.31,5,0
251243.5,5,1
251255.3,5,0
251279.76,5,4
251290.46,1,4
251336.96,1,4
251353.95,5,4
251454.08,0,4
251464.3,0,1
251473.97,1,3
251481.74,4,5
251661.83,5,0
251722.51,0,2
251732.86,2,1
251741.72,5,4
251759.32,3,5
251810.49,1,4
251824.94,2,1
251862.75,5,2
251879.27,1,0
251882.45,3,2
251998.95,0,5
252069.4,3,0
252125.45,5,3
252126.06,5,0
252145.22,2,5
252201.91,0,5
252217.13,2,4
252239.3,3,2
252273.93,3,2
252313.4,5,1
252326.35,1,0
252385.04,3,4
252491.05,2,4
252522.19,3,4
252530.48,5,3
252557.68,0,2
252635.3,3,1
252660.79,0,4
252739.15,5,1
252747.34,1,2
252752.32,3,4
252760.44,2,1
252761.54,3,1
252779.63,4,2
252792.55,3,5
252856.87,3,4
253004.05,1,4
253177.9,0,3
253340.68,0,3
253401.89,4,2
253409.52,4,3
253490.9,3,4
253491.56,2,1
253512.22,2,5
253540.24,0,5
253547.17,2,3
253611.68,5,1
253634.75,3,0
253635.64,2,4
253649.76,2,1
253770.24,2,4
253847.52,4,2
253890.57,2,1
254006.63,2,5
254183.89,1,5
254230.89,1,4
254272.32,0,3
254308.08,0,4
254377.44,4,2
254381.68,3,4
254427.82,5,2
254431.28,3,1
254509.62,2,1
254532.23,0,4
254546.39,5,0
254566.2,4,3
254607.46,2,3
254640.62,2,5
254747.99,1,2
254906.16,4,5
254912.58,5,0
254979.07,1,5
255059.26,2,1
255137.46,3,0
255155.16,1,2
255172.72,0,4
255176.82,3,1
255206.41,3,5
255214.95,3,2
255220.65,2,4
255236.79,5,4
255266.99,1,5
255273.87,0,1
255276.56,2,5
255308.98,1,3
255398.11,3,5
255399.4,3,2
255424.57,2,5
255514.99,0,3
255534.56,4,0
255641.95,0,2
255676.28,0,2
255684.5,4,1
255825.27,1,0
255895.53,2,3
255899.76,2,0
255933.67,4,0
255970.86,5,3
256030.16,4,0
256114.36,3,1
256120.48,2,1
256134.16,5,4
256135.38,5,1
256167.95,0,2
256239.0,1,2
256273.72,2,4
256344.24,5,3
256345.21,2,4
256346.4,5,3
256386.33,0,2
256430.87,1,2
256474.57,0,3
256535.08,4,2
256570.66,1,4
256582.62,4,0
256705.99,5,4
256722.52,4,2
256758.27,1,2
256828.43,2,3
256839.32,2,4
256845.67,2,4
256847.13,4,5
256920.62,1,2
256926.6,3,0
256994.49,1,2
257065.8,5,2
257155.27,5,1
257264.13,2,3
257295.29,5,1
257337.12,2,1
257372.9,2,0
257385.1,1,3
257396.65,5,3
257460.3,3,4
257506.34,1,4
257539.05,4,2
257618.29,5,1
257622.33,0,1
257718.09,4,0
257815.39,2,0
257833.47,3,5
257995.95,0,1
258018.9,5,1
258195.82,5,2
258199.78,3,0
258217.43,0,1
258235.41,2,4
258368.46,1,0
258494.38,5,0
258600.51,3,1
258601.24,0,2
258631.61,4,5
258647.56,0,5
258680.23,5,1
258692.36,3,4
258693.88,3,4
258782.61,3,1
258963.03,4,0
259016.48,2,3
259079.93,1,3
259081.16,2,1
259094.54,3,0
259368.63,0,5
259458.84,3,5
259610.82,3,1
259673.68,5,0
259690.56,0,5
259713.45,3,5
259722.4,5,2
259787.16,4,1
259806.5,5,2
259832.63,4,3
259855.9,2,3
259863.88,5,3
259920.19,3,2
260082.9,0,5
260097.5,1,3
260226.82,5,3
260256.78,4,1
260367.03,2,5
260492.26,5,1
260537.93,4,1
260633.15,4,1
260822.27,1,4
260826.54,3,0
261059.38,4,0
261096.03,4,0
261110.73,4,1
261178.03,5,2
261211.62,2,3
261251.37,3,5
261304.86,3,1
261347.88,5,3
261406.08,0,2
261457.23,3,1
261547.13,1,0
261658.96,4,0
261693.14,0,3
261706.98,3,2
261794.19,4,0
261945.56,1,0
261946.37,2,0
261957.98,5,0
261961.44,3,0
261988.85,2,4
261989.38,4,2
262010.39,2,1
262028.5,4,5
262154.51,5,4
262199.5,5,3
262388.14,3,2
262409.79,2,4
262508.52,3,5
262581.96,3,5
262630.37,2,4
262891.79,3,0
263056.32,0,4
263070.85,0,1
263084.93,5,0
263115.25,5,2
263129.06,3,0
263148.55,4,3
263160.76,3,0
263161.27,1,5
263260.56,0,5
263289.95,4,1
263321.05,5,4
263345.62,4,0
263360.22,0,5
263393.99,3,2
263490.05,0,3
263536.0,3,0
263594.05,0,2
263626.95,1,0
263651.45,5,1
263725.47,0,3
263735.55,2,5
263828.94,1,4
263911.57,0,1
263920.55,1,5
263961.91,3,4
263984.75,5,3
263985.79,4,2
264036.16,0,4
264068.25,2,4
264108.99,3,0
264112.36,2,3
264144.54,4,1
264263.1,1,0
264264.32,0,5
264274.65,1,4
264328.57,4,2
264369.33,3,0
264546.12,5,1
264589.74,0,5
264591.77,1,2
264609.63,5,3
264610.19,0,5
264687.77,0,5
264742.59,4,5
264743.04,1,3
264869.78,3,1
264880.23,3,4
264912.81,0,2
264937.35,5,4
265035.19,0,2
265090.18,4,1
265188.91,0,4
265224.93,0,5
265233.93,5,3
265325.49,2,1
265413.49,3,0
265483.28,0,3
265559.13,0,2
265614.82,2,4
265644.69,1,2
265677.33,4,3
265729.26,5,1
265743.07,4,2
265777.44,0,4
265823.23,3,0
265864.47,5,1
265938.6,0,3
265954.84,2,4
266007.35,2,3
266097.85,4,2
266223.72,3,5
266257.17,5,4
266316.58,5,4
266362.31,4,1
266393.99,0,4
266578.89,4,5
266626.79,0,3
266676.39,2,3
266721.51,1,3
266852.25,2,1
266893.99,2,3
266904.64,2,5
266961.01,2,3
267006.54,5,1
267079.66,1,3
267090.2,5,2
267152.54,4,2
267163.98,3,5
267200.69,0,3
267251.58,1,5
267329.6,2,1
267438.74,3,2
267452.83,3,2
267587.6,3,5
267608.48,2,5
267612.22,0,4
267696.08,3,0
267699.53,2,4
267729.85,4,5
267815.92,4,5
267843.2,2,0
268042.9,5,3
268088.13,3,4
268112.59,0,2
268122.58,2,0
268124.68,0,3
268130.36,4,2
268137.18,0,4
268148.64,5,4
268151.73,0,3
268339.99,5,2
268356.7,1,2
268369.15,4,5
268438.82,4,2
268530.68,1,0
268571.02,2,1
268580.45,3,1
268619.46,0,2
268624.24,5,4
268816.63,2,4
268823.28,1,4
268835.77,3,5
268844.82,1,2
268861.21,0,2
268916.82,3,5
269015.45,3,4
269027.45,0,1
269053.71,3,4
269061.86,3,5
269131.31,0,5
269203.73,1,4
269232.42,4,2
269251.86,3,5
269299.67,3,5
269311.17,1,0
269357.1,5,3
269366.32,3,1
269378.61,2,4
269394.63,5,2
269508.99,3,5
269614.07,0,5
269628.06,5,0
269658.16,0,4
269700.55,2,4
269701.58,3,4
269821.53,0,4
269836.24,1,3
269859.08,2,4
269867.68,1,5
269919.46,4,5
270002.54,0,4
270025.21,1,0
270086.61,1,0
270134.39,4,0
270148.8,4,2
270178.98,2,1
270276.75,2,1
270289.76,2,1
270326.51,1,0
270375.01,4,1
270392.02,3,4
270504.67,1,0
270587.11,1,5
270649.44,0,1
270665.11,1,5
270671.74,3,5
270743.27,5,1
270751.56,1,2
270828.86,2,1
270901.56,4,0
270936.31,0,4
270943.56,0,4
270952.03,1,2
271050.94,2,5
271127.37,3,1
271157.72,5,0
271220.2,1,5
271290.43,0,4
271297.73,2,4
271335.37,3,4
271375.33,5,3
271485.15,3,5
271506.99,4,5
271570.34,5,3
271639.99,4,3
271649.12,3,1
271730.81,1,0
271776.6,2,3
271782.74,3,4
271806.32,2,0
271825.2,1,0
271837.34,5,1
271867.23,4,1
271919.58,2,4
271933.6,0,2
272050.6,2,4
272076.08,5,3
272099.3,1,4
272106.29,0,2
272253.85,5,0
272271.36,0,3
272302.64,3,4
272306.71,2,3
272392.75,4,3
272394.82,3,0
272416.55,1,3
272544.1,1,0
272786.14,1,5
272801.85,0,5
272814.19,4,2
272815.41,3,2
272895.51,3,2
272944.12,2,3
272946.73,4,5
272953.31,3,4
272981.72,4,0
273036.6,4,5
273071.85,1,4
273091.89,5,3
273157.63,5,2
273165.4,1,0
273213.37,2,4
273225.8,0,3
273226.41,1,2
273253.51,1,4
273333.85,1,4
273373.45,2,1
273373.48,0,2
273471.37,2,4
273548.7,1,4
273672.03,1,4
273678.1,5,3
273761.58,2,5
273826.66,2,4
273982.47,2,5
274023.35,5,2
274073.27,2,5
274081.73,5,4
274118.43,2,5
274193.75,1,2
274278.1,3,4
274293.99,4,2
274328.53,5,3
274331.17,4,2
274412.06,2,0
274498.94,4,1
274591.99,1,2
274623.21,1,0
274682.97,4,2
274709.58,3,4
274751.38,2,0
274765.27,4,3
274913.57,5,0
274988.14,0,4
275014.18,3,1
275040.92,0,3
275179.62,0,3
275193.06,3,4
275237.45,3,4
275332.12,2,1
275379.28,1,3
275387.95,2,5
275411.6,0,1
275415.88,5,0
275424.01,3,4
275537.46,5,1
275777.86,0,4
275787.64,1,3
275993.47,2,3
276048.31,0,1
276057.34,2,3
276062.61,4,0
276284.53,4,0
276370.66,1,2
276484.34,3,0
276499.9,2,5
276590.55,0,5
276607.28,0,4
276653.88,2,1
276705.44,5,4
276710.5,4,1
276768.9,0,4
276864.48,5,1
276923.84,3,2
277075.36,2,3
277128.35,3,4
277210.59,1,3
277265.46,1,2
277296.39,5,1
277298.27,0,5
277402.29,1,0
277719.01,1,2
277783.16,2,3
277841.35,4,1
277904.76,3,4
277911.3,5,4
277976.65,2,1
278089.62,5,0
278112.27,3,1
278133.43,0,1
278225.41,2,4
278235.73,3,4
278289.43,3,2
278319.29,2,4
278372.99,4,1
278373.37,1,3
278400.24,3,2
278408.26,1,2
278444.21,3,2
278563.13,5,1
278590.19,0,3
278652.32,4,2
278672.88,0,4
278746.71,4,1
278758.56,2,5
278774.53,3,5
279027.35,4,5
279038.3,5,0
279068.64,5,4
279108.25,4,3
279110.52,2,0
279136.68,5,0
279168.85,3,4
279291.58,4,5
279304.71,2,5
279317.32,2,3
279428.38,0,2
279483.58,4,2
279508.69,0,5
279521.7,1,4
279535.36,0,4
279537.81,0,3
279576.12,4,3
279576.94,5,2
279650.19,5,0
279684.51,4,1
279722.7,4,2
279798.33,1,4
279839.47,2,1
279878.85,1,0
279936.62,0,3
279988.66,3,0
279993.9,5,2
280003.16,2,3
280030.01,3,1
280095.32,2,0
280167.75,2,3
280475.69,5,4
280526.64,0,2
280629.9,0,2
280633.32,2,1
280639.33,3,2
280645.81,4,3
280681.55,3,5
280697.86,0,3
280775.65,2,1
280800.2,1,5
280945.16,5,0
281066.07,4,0
281308.26,1,2
281329.2,4,5
281339.99,5,2
281341.51,3,4
281346.97,4,3
281358.91,1,5
281409.64,4,0
281596.42,5,1
281686.36,3,5
281760.02,3,2
281811.46,1,0
281813.31,1,0
281855.62,0,3
281907.93,3,0
282082.57,3,0
282089.76,0,5
282126.52,0,5
282133.81,3,5
282411.61,5,2
282417.99,0,3
282432.11,4,3
282449.48,0,1
282589.36,5,1
282648.88,3,1
282665.35,3,0
282850.06,2,0
282884.54,5,2
282910.66,0,3
282930.52,5,0
283032.34,4,5
283078.1,0,3
283084.11,2,3
283103.27,0,2
283146.22,4,0
283159.39,2,3
283251.48,4,5
283373.56,0,5
283510.39,5,4
283528.02,4,2
283533.31,3,0
283552.0,3,0
283605.64,2,0
283613.0,0,5
283613.2,3,0
283644.87,2,4
283683.91,2,1
283728.59,4,1
283732.87,1,2
283785.15,4,0
283834.97,0,4
283847.29,5,1
283856.57,5,4
283870.2,3,0
283927.39,2,5
284006.55,1,4
284046.2,0,4
284058.05,5,3
284068.74,4,2
284089.84,3,5
284116.36,4,2
284132.05,4,0
284193.41,2,5
284227.84,0,4
284272.51,5,2
284331.27,4,1
284415.5,4,0
284586.32,1,2
284648.4,1,2
284716.7,5,0
284774.31,1,2
284790.5,0,5
284790.64,1,0
284879.23,0,4
284884.89,1,4
284892.68,5,0
284994.23,2,4
285018.03,4,2
285047.33,1,2
285058.91,2,1
285160.9,5,1
285194.56,2,4
285197.07,0,4
285228.21,0,1
285297.19,4,2
285308.59,0,3
285316.17,2,1
285343.94,0,4
285420.96,4,0
285465.11,2,3
285516.79,3,1
285575.1,2,4
285740.63,2,1
285773.36,3,1
285774.23,1,4
285798.5,4,5
285849.84,1,0
285865.42,2,5
285880.13,0,3
285979.15,4,2
286047.75,0,1
286089.62,0,2
286204.14,2,1
286275.03,5,4
286371.87,4,5
286499.32,5,3
286688.92,0,2
286848.17,2,5
286875.38,2,0
286908.18,1,0
286974.13,5,3
286988.59,2,5
286999.72,3,5
287041.36,2,0
287065.26,4,1
287175.74,2,0
287273.26,2,4
287344.4,4,2
287378.37,3,5
287379.2,0,1
287420.84,1,2
287447.28,0,2
287478.75,4,0
287484.17,4,3
287547.54,1,2
287559.86,0,1
287574.68,4,3
287581.09,2,5
287691.36,1,0
287712.2,1,5
287718.52,2,5
287757.01,5,1
287759.27,5,2
287798.21,5,0
287928.55,3,1
288007.96,2,0
288012.61,4,1
288142.0,2,0
288169.85,2,3
288239.83,4,1
288241.2,0,5
288242.28,2,1
288251.72,1,2
288318.59,5,1
288329.49,1,2
288336.6,3,0
288390.79,1,5
288398.01,0,2
288420.85,2,4
288429.2,0,2
288461.3,0,2
288484.76,4,1
288542.43,3,0
288546.87,1,2
288550.67,3,0
288579.18,5,1
288594.65,4,5
288702.29,4,5
288816.91,4,2
288925.65,1,5
288963.71,4,1
289117.25,3,1
289164.45,3,2
289183.42,4,1
289313.75,0,2
289339.78,3,5
289371.04,0,5
289377.17,5,1
289492.72,1,5
289642.07,0,5
289674.7,5,4
289737.02,1,0
289773.5,4,1
289853.71,1,0
289889.22,4,5
289997.11,1,5
290037.29,2,5
290075.85,2,3
290096.03,1,2
290098.28,3,1
290105.8,1,0
290142.29,4,3
290146.0,5,4
290150.17,2,4
290159.17,2,3
290160.69,0,1
290235.34,5,0
290334.69,5,0
290339.05,1,5
290343.28,5,1
290376.05,0,4
290452.59,4,2
290455.54,5,4
290456.85,1,3
290475.61,5,0
290554.77,4,2
290624.6,2,1
290629.04,1,5
290684.19,4,3
290701.12,4,0
290709.28,2,5
290757.88,0,3
290781.73,0,5
290810.25,0,1
290855.97,0,3
290964.45,3,2
291015.08,0,3
291079.43,2,5
291087.55,3,5
291094.11,3,1
291174.01,4,1
291407.72,2,0
291430.52,1,5
291454.05,0,5
291516.69,5,3
291519.41,1,2
291545.81,4,5
291576.62,2,0
291650.62,5,4
291660.84,0,1
291676.42,0,1
291776.64,2,5
291783.27,4,5
291850.34,2,3
292014.05,5,1
292053.7,3,4
292159.9,1,5
292170.67,5,1
292208.25,0,4
292223.83,1,0
292231.46,3,5
292288.11,5,1
292324.98,5,2
292351.17,1,0
292365.07,3,1
292388.03,5,4
292416.21,0,3
292578.13,2,0
292609.13,0,4
292626.37,5,3
292634.89,2,3
292735.48,0,2
292761.3,1,3
292782.07,5,1
292799.46,5,0
292854.7,3,4
292873.08,2,3
292909.06,4,5
293033.07,0,2
293098.68,2,1
293139.29,4,5
293149.11,2,3
293213.75,1,4
293260.85,5,0
293316.84,2,0
293333.94,5,0
293582.94,2,1
293594.39,1,2
293769.27,2,1
293857.44,2,5
293876.36,5,0
293901.47,1,2
293983.45,0,1
294045.57,3,5
294076.98,0,5
294079.45,1,2
294124.44,5,1
294158.36,1,4
294210.01,1,0
294317.02,0,1
294473.44,4,5
294507.76,2,4
294512.77,4,3
294588.23,5,4
294699.43,0,2
294711.14,0,1
294755.24,2,4
294761.18,1,5
294798.29,0,2
294856.59,2,4
294907.23,3,2
294972.56,4,0
295133.97,3,0
295240.94,5,1
295265.8,4,2
295272.99,0,1
295291.63,0,1
295393.97,5,4
295410.87,4,2
295423.67,3,5
295456.11,0,5
295463.61,3,1
295472.96,5,1
295614.99,4,5
295650.23,0,2
295680.24,2,3
295707.33,0,3
295843.07,5,2
295850.03,4,3
295991.26,0,3
296041.04,2,1
296074.94,3,4
296103.52,5,0
296140.15,0,1
296208.74,3,0
296348.45,1,0
296385.18,1,3
296409.94,4,0
296495.18,0,4
296503.54,3,0
296522.85,5,1
296528.11,1,2
296542.77,2,3
296545.44,3,5
296585.4,3,5
296591.16,5,3
296618.78,4,1
296667.31,4,2
296684.47,0,1
296698.33,4,0
296777.28,3,1
296798.25,1,4
296897.58,4,5
296904.92,0,2
296918.23,2,5
296982.57,0,1
297037.55,3,0
297084.08,0,5
297107.05,4,5
297168.52,2,3
297211.19,0,4
297451.95,4,1
297477.73,4,5
297526.61,5,3
297599.37,4,3
297701.22,5,2
297789.9,5,4
297861.15,5,3
297865.85,4,2
297873.69,2,5
297897.92,4,1
297905.87,4,0
297923.3,4,2
297965.44,1,2
298076.05,0,2
298167.43,1,3
298243.25,3,4
298284.75,0,4
298333.42,0,5
298365.45,3,0
298396.0,3,0
298447.35,1,2
298465.87,5,1
298502.56,1,3
298558.02,4,2
298610.54,4,1
298664.08,4,0
298754.46,2,0
298868.23,3,0
299068.0,5,4
299115.08,2,0
299154.92,1,4
299199.57,2,5
299256.0,3,2
299260.91,4,3
299303.45,2,4
299353.21,1,0
299394.46,3,0
299450.2,5,1
299522.93,4,2
299565.3,0,3
299657.98,2,4
299696.96,1,5
299776.51,2,5
299792.38,0,1
299881.73,1,4
299951.51,0,1
300006.6,4,3
300052.46,3,0
300375.73,0,4
300410.78,0,1
300465.95,4,2
300552.69,0,1
300698.03,3,5
300700.91,5,2
300705.08,5,4
300708.88,5,2
300711.67,3,1
300811.03,4,1
300913.75,3,4
300963.06,0,3
300975.51,2,3
300976.36,3,4
301005.59,2,4
301014.45,5,3
301122.78,5,3
301194.76,3,1
301240.11,2,0
301280.65,0,4
301345.2,3,4
301473.45,1,5
301533.53,4,0
301606.82,2,0
301632.14,4,5
301647.38,1,2
301658.71,1,0
301797.13,2,3
301859.88,1,2
301881.01,3,0
301912.49,0,4
301913.03,1,0
301917.12,1,0
301941.01,1,4
301954.6,4,2
301961.7,3,5
302004.3,2,4
302010.76,1,4
302014.62,5,4
302032.22,2,5
302034.74,1,5
302054.25,1,4
302071.66,0,1
302099.87,2,0
302113.36,1,3
302202.55,3,4
302240.75,1,4
302308.28,3,5
302317.61,1,0
302318.32,1,0
302423.58,4,5
302511.4,0,2
302526.53,3,1
302569.02,2,4
302645.73,5,4
302674.54,3,1
302778.41,4,1
302883.04,4,1
302922.25,2,4
302923.73,1,5
302993.1,5,0
303027.04,5,4
303066.37,5,3
303092.14,0,4
303124.68,0,4
303223.31,3,1
303338.59,4,1
303436.94,0,3
303509.25,3,5
303517.0,5,1
303526.95,5,2
303546.82,1,0
303789.18,5,2
303789.93,2,5
304014.85,0,3
304040.81,1,0
304077.8,1,0
304277.85,1,3
304319.8,3,5
304474.73,4,5
304512.94,5,2
304526.35,4,5
304565.38,4,0
304718.35,1,0
304813.5,0,5
304872.35,1,5
304900.73,5,4
304963.8,2,5
305137.6,5,1
305155.3,4,2
305248.88,4,5
305289.2,0,1
305305.87,3,5
305341.29,0,4
305346.1,1,2
305458.88,3,4
305483.64,1,5
305556.93,5,1
305558.26,4,3
305574.33,0,5
305577.61,5,3
305611.76,4,3
305636.02,1,5
305678.76,3,5
305713.14,1,2
305732.43,4,1
305766.48,5,0
305844.64,4,2
305901.85,0,4
305953.43,5,1
305976.43,5,2
306083.72,5,2
306154.16,3,4
306219.2,2,4
306261.3,0,1
306270.5,4,1
306345.83,2,3
306361.46,1,5
306386.43,4,3
306397.35,2,5
306414.76,5,1
306465.01,1,5
306532.24,2,4
306620.93,1,2
306660.44,4,0
306681.23,1,3
306685.37,5,2
306695.7,2,4
306705.49,2,4
306714.67,4,1
306740.52,4,1
306841.89,1,3
306879.62,5,2
306885.01,4,0
306926.05,3,2
306948.82,5,3
306985.41,3,5
307005.01,4,2
307075.54,5,2
307162.65,1,0
307173.44,5,4
307179.83,5,4
307266.79,0,1
307389.39,4,3
307398.4,1,5
307487.89,2,5
307501.35,0,1
307592.53,1,4
307610.91,2,3
307641.14,2,3
307652.44,1,2
307675.23,1,4
307707.53,4,0
307721.13,3,4
307816.51,0,1
307977.21,2,1
308036.93,5,0
308053.6,0,1
308128.48,1,4
308152.61,4,0
308212.16,4,3
308253.38,4,1
308324.27,0,3
308346.67,1,5
308384.08,2,4
308392.96,1,3
308433.71,3,4
308436.72,2,5
308472.03,3,5
308501.22,2,1
308508.65,5,2
308544.34,5,2
308583.31,2,5
308610.72,2,3
308688.19,4,2
308697.97,1,3
308856.48,0,1
308940.16,3,2
308941.45,0,1
308943.64,2,3
308994.61,4,1
308998.38,1,2
309049.83,0,3
309151.27,0,2
309151.54,2,4
309153.26,1,4
309193.81,1,0
309210.51,2,5
309247.71,3,4
309291.85,5,3
309299.63,5,1
309327.13,5,3
309390.67,2,4
309398.78,0,2
309421.59,4,1
309547.4,2,1
309696.89,0,5
309709.21,1,5
309791.66,0,2
309802.22,0,2
309813.39,1,0
309862.68,4,0
309865.72,5,0
309974.07,4,1
310000.91,3,1
310012.32,4,3
310033.47,4,1
310106.3,3,5
310167.53,5,3
310177.27,1,3
310209.97,2,3
310278.66,2,5
310328.07,3,1
310351.88,4,0
310371.56,4,0
310407.33,5,3
310431.42,5,4
310445.22,0,4
310447.94,1,4
310609.33,5,3
310618.98,3,1
310630.03,5,1
310760.08,5,4
310930.07,0,3
310940.1,1,5
311095.37,4,1
311162.92,1,0
311228.9,2,5
311232.82,2,1
311273.1,1,2
311386.61,2,3
311447.22,1,5
311544.01,4,1
311563.31,2,3
311590.36,3,4
311657.16,3,1
311665.98,3,2
311680.17,0,5
311700.39,2,5
311783.63,3,5
311846.48,0,2
311958.35,4,5
311987.23,1,5
311996.81,0,2
311999.66,1,5
312031.27,4,3
312094.69,1,4
312156.23,2,1
312199.56,4,5
312213.48,1,0
312297.13,0,2
312375.94,3,0
312415.64,1,0
312523.08,2,5
312556.64,5,3
312593.2,4,5
312622.04,5,1
312681.14,5,2
312736.17,2,1
312749.68,4,3
312878.73,0,2
312879.61,2,1
313007.51,5,0
313091.79,4,2
313097.59,0,3
313187.74,1,2
313290.52,4,0
313291.68,1,5
313300.84,5,4
313370.02,5,0
313374.87,1,4
313391.1,5,4
313401.81,4,1
313523.13,4,3
313765.68,0,2
313823.72,3,0
313870.63,0,2
313895.99,5,1
313961.79,0,2
313970.35,5,3
313996.74,5,1
313999.49,4,0
314005.65,3,4
314011.17,1,0
314017.62,5,0
314047.19,5,2
314101.38,4,3
314236.09,1,5
314304.77,1,0
314322.15,1,4
314346.07,1,5
314346.75,1,4
314399.33,5,2
314474.28,0,2
314546.55,2,1
314551.84,2,0
314629.84,5,3
314678.92,1,3
314777.17,4,2
314978.0,1,5
314994.89,1,0
315086.52,4,1
315146.82,2,3
315210.75,0,1
315292.58,1,5
315337.92,1,5
315372.24,0,1
315385.23,3,0
315392.88,1,4
315529.68,4,2
315568.47,3,2
315640.36,1,2
315734.02,2,0
315843.52,1,0
315851.11,3,0
315878.56,2,5
315887.4,1,5
315921.54,0,2
315967.24,0,4
316030.68,0,4
316058.46,4,0
316085.04,1,2
316183.35,4,0
316204.3,2,1
316292.25,5,0
316304.79,5,2
316306.44,0,1
316307.29,2,4
316464.14,4,3
316487.13,2,5
316490.48,3,5
316547.0,2,3
316563.77,1,2
316578.24,0,2
316668.87,2,4
316697.35,0,1
316737.82,0,5
316744.37,1,0
316826.39,5,3
316866.74,0,4
316892.17,0,4
316901.0,4,0
316940.3,4,0
317023.96,5,2
317053.64,1,5
317055.19,5,0
317238.06,5,0
317269.19,1,5
317271.36,3,0
317285.51,3,1
317305.7,0,3
317328.1,4,2
317361.97,1,4
317371.58,5,1
317372.84,4,3
317382.87,4,5
317439.28,3,4
317500.04,4,2
317534.32,1,0
317575.51,2,1
317991.99,1,5
318017.75,3,2
318108.86,3,4
318195.5,0,3
318239.49,4,1
318328.29,5,3
318329.25,0,3
318355.04,3,0
318373.63,2,5
318374.9,0,1
318377.49,4,3
318432.4,0,3
318434.31,5,2
318478.35,4,5
318481.87,5,4
318552.66,5,2
318595.35,2,1
318650.43,5,0
318669.47,1,0
318684.23,4,5
318686.16,4,2
318738.16,4,3
318870.6,3,5
318908.27,3,1
318960.48,1,4
319005.09,5,0
319089.1,3,5
319129.76,2,0
319156.22,3,0
319164.25,3,2
319316.65,3,4
319358.97,1,2
319447.84,2,4
319457.95,5,4
319513.34,4,2
319557.05,0,5
319586.59,0,1
319648.74,2,1
319756.2,5,1
319757.54,3,0
319793.77,4,1
319799.36,3,0
319891.31,5,0
319941.14,5,2
319946.13,4,0
319959.54,5,4
320001.92,4,5
320110.04,4,3
320225.59,0,1
320412.09,0,5
320447.12,4,2
320578.54,4,0
320662.99,0,5
320794.6,2,3
320832.9,1,0
320862.91,2,5
320898.9,1,5
321102.2,4,2
321130.98,0,5
321140.46,0,3
321179.29,3,4
321198.59,5,0
321286.84,1,2
321310.76,0,3
321356.04,0,1
321492.06,4,3
321548.15,4,2
321626.53,4,3
321667.55,4,1
321698.67,3,5
321842.14,5,3
321896.76,0,3
321898.97,2,1
321961.45,2,0
322039.51,3,0
322061.4,0,4
322176.32,5,1
322186.07,2,5
322226.91,2,4
322248.76,3,5
322328.7,5,3
322338.73,5,0
322446.77,3,2
322536.89,3,4
322576.46,5,2
322713.55,3,0
322728.99,4,2
322737.22,3,0
322745.52,2,0
322769.9,1,3
322813.28,1,4
322829.37,4,1
322829.39,4,1
322844.84,3,5
322904.49,1,5
322906.59,3,1
323116.62,3,4
323124.82,4,3
323170.88,0,4
323172.0,0,1
323189.82,1,0
323233.98,5,1
323256.12,4,1
323583.93,1,4
323589.65,1,4
323653.24,0,3
323663.57,1,0
323788.84,2,5
323824.61,3,2
323900.26,5,0
324020.66,2,3
324090.07,3,1
324105.28,4,0
324133.29,5,0
324236.48,5,2
324252.47,4,3
324278.18,0,4
324348.63,3,0
324422.64,1,3
324467.77,4,5
324517.55,4,5
324674.22,5,0
324774.82,3,5
324782.68,2,0
324811.93,3,5
324906.06,0,2
324997.6,4,1
325123.34,5,3
325270.39,4,3
325318.3,4,5
325399.98,1,5
325425.18,4,5
325454.2,4,3
325496.07,5,0
325515.9,4,2
325708.81,5,0
325714.68,4,1
325778.75,5,1
325781.77,5,3
326043.62,1,4
326153.6,0,3
326159.62,3,0
326187.07,5,0
326199.95,4,5
326269.81,4,3
326281.42,2,1
326307.86,5,1
326313.13,4,2
326332.98,4,0
326356.8,0,1
326358.06,5,4
326375.97,1,3
326413.76,4,2
326423.62,2,4
326753.63,5,2
326830.61,5,4
326878.12,3,4
326904.54,2,4
326919.74,0,3
326938.64,2,4
327009.23,2,5
327120.72,4,3
327197.0,2,3
327364.28,1,5
327446.08,0,4
327453.1,2,3
327533.3,3,1
327629.61,1,4
327650.12,2,0
327655.86,5,2
327702.13,2,1
327831.88,0,4
327840.61,1,0
327850.23,2,1
328015.45,3,4
328182.12,3,4
328200.72,1,3
328248.22,3,0
328253.69,1,3
328315.44,0,1
328338.74,4,2
328376.86,4,3
328627.69,0,5
328628.45,3,5
328664.76,3,4
328726.82,4,1
328737.72,0,2
328780.84,2,4
328914.32,0,3
328943.86,5,3
329022.5,1,4
329026.46,5,0
329152.45,0,2
329190.07,1,4
329211.01,3,2
329270.61,5,3
329371.26,4,0
329402.18,2,1
329425.16,2,5
329434.77,1,0
329490.47,5,1
329525.47,2,3
329605.18,2,0
329606.78,3,2
329625.01,2,3
329677.81,2,1
329779.78,0,1
329787.31,1,2
329923.72,3,2
329997.15,4,3
330054.46,4,0
330084.42,3,1
330098.33,2,1
330131.93,0,2
330233.03,4,5
330256.89,1,0
330370.9,2,0
330424.12,0,1
330470.79,3,1
330558.42,2,3
330621.14,1,0
330645.58,1,3
330709.08,4,1
330724.6,1,3
330818.72,2,0
330820.54,5,0
330856.69,5,3
330885.73,4,2
330921.82,0,4
330943.01,1,3
330957.66,5,2
330972.83,3,0
331060.22,1,5
331165.83,5,0
331198.05,4,1
331227.98,4,0
331228.76,5,2
331242.54,4,0
331250.5,3,5
331286.42,2,5
331352.89,4,5
331396.18,4,5
331432.3,1,5
331435.45,2,4
331478.68,1,4
331484.2,3,1
331498.84,1,0
331581.94,5,4
331620.81,3,2
331630.43,1,2
331719.51,5,1
331764.39,1,5
331777.81,4,0
331785.99,0,5
331820.65,3,1
331964.5,4,1
332169.44,4,5
332298.39,5,4
332339.1,1,2
332346.98,0,1
332347.73,1,2
332457.62,0,1
332516.45,3,4
332544.91,0,1
332665.33,4,5
332720.98,4,3
332783.72,0,1
332823.4,2,1
332846.71,0,3
332849.9,5,1
332963.91,2,3
333016.38,5,0
333060.92,0,4
333077.09,4,1
333087.94,2,4
333188.56,4,2
333277.77,0,1
333277.95,5,0
333308.49,3,1
333308.67,2,3
333461.01,4,3
333489.79,0,3
333490.77,5,0
333519.4,5,3
333546.82,0,1
333547.47,5,3
333671.4,2,0
333733.12,5,1
333949.42,0,4
333988.43,0,4
334036.04,4,2
334110.06,3,0
334147.05,0,3
334221.19,1,4
334248.4,1,3
334288.76,3,5
334353.43,4,5
334379.41,3,5
334410.13,0,5
334423.47,3,5
334464.0,5,4
334470.3,4,3
334546.36,0,3
334547.92,4,3
334557.88,3,0
334600.0,3,0
334659.08,1,2
334660.21,0,2
334688.46,5,2
334718.76,5,4
334761.82,1,4
334762.56,0,5
334859.04,4,2
334995.34,0,4
335017.75,4,2
335195.67,0,4
335229.01,2,0
335284.59,1,4
335302.19,4,1
335378.83,0,5
335434.72,5,4
335442.53,0,5
335504.9,3,1
335533.52,1,2
335541.11,3,2
335577.0,0,4
335579.75,5,2
335643.58,2,3
335767.57,0,5
335788.85,2,3
335822.14,0,3
335850.69,4,1
335850.84,4,1
335857.59,2,4
335946.34,5,4
335947.25,5,0
335950.52,3,1
336080.26,2,4
336096.35,0,4
336105.77,1,3
336199.84,3,1
336234.8,4,5
336254.69,5,2
336254.94,0,4
336291.66,4,1
336300.43,2,4
336314.17,1,4
336317.94,4,2
336318.25,0,1
336395.41,4,0
336400.21,4,2
336584.1,4,1
336676.95,0,1
336695.86,3,0
336764.69,0,3
336777.59,3,0
336863.55,1,2
336865.79,3,0
336948.74,4,2
337005.79,0,4
337020.6,5,0
337125.49,4,2
337166.74,2,3
337179.61,5,1
337259.45,4,3
337286.1,4,5
337298.1,3,2
337305.15,2,3
337461.96,0,4
337552.45,0,5
337631.21,4,1
337820.71,1,3
337904.0,0,2
338019.98,5,0
338021.79,2,0
338030.14,4,5
338055.95,5,1
338059.51,2,1
338236.23,5,2
338265.03,4,1
338285.6,1,4
338323.35,3,2
338516.54,3,0
338584.93,3,1
338629.3,1,3
338740.12,4,5
338750.98,2,1
338770.11,1,4
338897.12,5,2
338923.15,1,5
338925.58,2,0
338955.07,3,2
339016.05,3,2
339045.85,2,3
339050.02,3,1
339061.56,1,0
339106.63,4,2
339222.93,2,0
339225.11,5,2
339290.69,5,4
339296.05,1,0
339446.89,0,4
339522.35,3,0
339568.29,5,0
339575.97,2,4
339633.25,0,2
339642.46,0,4
339705.59,2,1
339724.52,2,0
339781.89,0,1
339836.85,1,4
339952.54,4,2
340055.3,0,1
340063.89,3,0
340068.0,0,3
340080.08,5,1
340198.58,2,5
340213.61,5,4
340234.37,3,2
340236.61,3,0
340309.01,5,1
340402.07,3,5
340442.08,2,5
340498.14,5,0
340620.49,5,0
340622.96,3,2
340780.75,4,1
340955.8,5,0
340967.16,4,0
340967.31,2,1
341106.09,1,4
341108.42,4,2
341111.75,4,2
341161.04,0,2
341393.79,2,5
341441.72,1,5
341463.97,1,3
341521.9,2,1
341524.24,3,0
341525.93,3,4
341568.05,4,0
341619.71,3,5
341647.69,4,0
341651.51,3,4
341683.97,0,2
341961.51,4,2
342020.79,1,2
342075.05,4,2
342093.37,5,2
342192.36,0,1
342217.29,3,4
342288.38,1,3
342308.27,1,2
342358.37,0,1
342392.36,3,2
342407.08,3,1
342423.92,3,5
342438.62,4,0
342488.03,5,4
342548.64,1,2
342626.5,2,3
342723.4,0,1
342790.22,0,5
342792.25,3,0
342814.27,0,5
342854.84,3,5
342869.44,0,2
342978.2,0,1
343002.43,3,1
343081.56,4,0
343098.1,5,2
343256.23,3,2
343326.4,4,5
343404.42,4,3
343423.95,4,1
343428.54,4,5
343502.25,2,1
343527.4,1,2
343554.56,1,0
343662.59,1,4
343685.69,4,1
343689.74,3,4
343800.07,5,4
343806.81,3,0
343811.57,2,1
343824.35,4,0
343834.33,3,1
343839.55,4,1
343843.04,4,0
343879.97,3,0
343937.96,4,0
343966.39,0,5
343995.07,4,2
344015.27,4,0
344080.8,2,5
344150.04,5,3
344159.2,5,0
344183.24,4,0
344244.93,2,1
344277.51,5,4
344375.14,0,5
344568.51,4,1
344604.03,4,3
344718.77,4,2
344738.92,2,0
344792.47,4,1
344801.67,3,1
344801.73,1,5
344813.76,2,5
344820.58,1,2
344874.88,1,0
344889.4,2,3
344922.8,2,1
344988.48,5,4
345057.35,0,4
345239.71,2,5
345285.83,1,0
345341.74,5,0
345348.57,5,1
345540.96,2,1
345553.32,1,2
345616.43,3,2
345711.45,1,0
345725.41,5,1
